transaction_id,account_id,date,amount,balance,description
TXN-20231018-3071,330283,18-10-2023,2443.5,10139.76,Payment for INV-2020-SGBM65
TXN-20240118-1287,429963,18-01-2024,2575.9,12277.04,Payment for INV-2025-JUFQYM
TXN-20231024-9677,172933,24-10-2023,1120.72,11817.91,Online transfer to vendor
TXN-20231120-9687,543692,20-11-2023,500.98,10317.29,Payment for INV-2024-8DTM4V
TXN-20230427-7557,279451,27-04-2023,2316.54,,Payment for INV-2022-JN42X2
TXN-20250820-9791,363626,20-08-2025,148.16,11715.34,Payment for INV-2020-0IC0RA
TXN-20240923-6119,488162,23-09-2024,2995.58,16401.93,Payment for INV-2021-3ZYT91
TXN-20230918-2577,961722,18-09-2023,1834.47,10475.7,Payment for INV-2022-0JMU3M
TXN-20241218-5986,358607,18-12-2024,2032.5,13643.69,Payment for INV-2024-06AKT7
TXN-20241001-6179,344098,01-10-2024,1813.13,10933.67,Payment for INV-2020-PQW2VM
TXN-20230917-7241,694731,17-09-2023,2680.22,12282.52,Payment for INV-2021-9YE6BG
TXN-20250727-3973,705397,27-07-2025,695.53,12034.88,Payment for INV-2023-P38QOL
TXN-20241013-1003,260263,13-10-2024,-75.59,9752.27,ATM withdrawal
TXN-20240314-4990,854639,14-03-2024,1215.17,12417.69,Payment for INV-2023-CERHNX
TXN-20240328-5351,865179,28-03-2024,1655.94,10906.87,Payment for INV-2024-C6KSTC
TXN-20230207-9074,705397,07-02-2023,2999.71,11203.37,Funds transfer
TXN-20230730-2025,705397,30-07-2023,2024.22,14848.66,Payment for INV-2023-D5GLQJ
TXN-20250225-3526,731262,25-02-2025,472.96,9466.04,Payment for INV-2021-8YC8GZ
TXN-20230421-5107,331148,21-04-2023,3346.64,10824.22,Payment for INV-2022-RWEDBC
TXN-20250402-7870,172574,02-04-2025,1954.03,9660.7,Payment for INV-2020-LOZJCN
TXN-20230930-1666,514850,30-09-2023,30,11447.44,Payment for INV-2024-CK88D0
TXN-20250807-3852,814825,07-08-2025,2038,12278.06,Payment for INV-2025-NI92IR
TXN-20240925-7581,617488,25-09-2024,2548.71,11386.42,Online transfer to vendor
TXN-20230323-4924,497887,23-03-2023,1758.25,13318.39,Payment for INV-2023-163YK0
TXN-20230110-2758,793384,10-01-2023,2568.98,15825.77,Payment for INV-2021-K9TR74
TXN-20250403-4555,376183,03-04-2025,2276.54,13875.54,Payment for INV-2022-H6K6HG
TXN-20240424-2233,543692,24-04-2024,3286.97,12397.69,Payment for INV-2020-1IYYO4
TXN-20250109-9349,482554,09-01-2025,1699.02,10436.15,Payment for INV-2024-RYZX70
TXN-20250116-5494,755674,16-01-2025,1953.74,12181.94,Payment for INV-2020-4A8YWY
TXN-20250606-7247,738720,06-06-2025,2612.24,13408.43,Payment for INV-2020-8CNRL8
TXN-20240823-3320,663054,23-08-2024,2825.1,11090.84,Payment for INV-2025-DSNCZX
TXN-20230712-8792,344098,12-07-2023,318.18,6800.98,Payment for INV-2023-FCD6MZ
TXN-20241016-4438,182582,16-10-2024,1406.93,12036.34,Payment for INV-2021-HKT1YJ
TXN-20240122-8923,665158,22-01-2024,790.97,10314.29,Payment for INV-2025-IM1Y65
TXN-20250607-6633,581141,07-06-2025,401.88,11326.23,Payment for INV-2022-JXURGO
TXN-20250421-4968,680099,21-04-2025,3384.27,14512.09,Payment for INV-2019-UZGPPO
TXN-20240619-7750,440035,19-06-2024,1592.62,14535.41,Payment for INV-2020-7VBGR8
TXN-20250421-5485,182582,21-04-2025,1588.18,11852.04,Payment for INV-2020-2DG1WJ
TXN-20250126-3875,665158,26-01-2025,3274.98,13670.48,Payment for INV-2019-V0E745
TXN-20230715-4954,629903,15-07-2023,1335.77,14055.99,Payment for INV-2024-OTIRZQ
TXN-20240804-8126,542417,04-08-2024,2308.05,11524.75,Payment for INV-2024-8IJL2Z
TXN-20240811-5837,148050,11-08-2024,3201.21,12385.06,Payment for INV-2019-9XJUY0
TXN-20240607-4329,658582,07-06-2024,-856.27,9360.85,Payment for INV-2025-FLV1XX
TXN-20230901-8270,903035,01-09-2023,767.46,9398.48,Payment for INV-2024-5EL2B2
TXN-20230508-3588,231869,08-05-2023,3474.06,12770.03,Payment for INV-2022-Q9P965
TXN-20250109-8412,220116,09-01-2025,2362.57,15099.41,Payment for INV-2021-CBZAMD
TXN-20230708-1110,665579,08-07-2023,1588.98,13632.23,Payment for INV-2021-AMTFPW
TXN-20240724-4401,899550,24-07-2024,2579.42,7557.75,Payment for INV-2019-GBMFBU
TXN-20240927-8259,945964,27-09-2024,745.7,7803.88,Payment for INV-2025-IWZNV0
TXN-20241003-9824,217301,03-10-2024,1446.03,14063.46,Payment for INV-2020-D1FPE6
TXN-20240405-1372,340174,05-04-2024,1183.78,11340.07,Bill payment
TXN-20230329-9877,197251,29-03-2023,2443.74,11497.19,Payment for INV-2023-18S1SA
TXN-20241202-3777,816751,02-12-2024,1631.17,12434.71,Payment for INV-2020-JJFGJK
TXN-20250411-5221,542417,11-04-2025,2466.55,15159,Salary deposit
TXN-20230209-8711,217301,09-02-2023,1611.74,9840.72,ATM withdrawal
TXN-20241113-6344,864544,13-11-2024,2013,14920.07,Payment for INV-2022-ZTGXN0
TXN-20240527-4116,267414,27-05-2024,3203.05,14753.9,Bill payment
TXN-20240627-1931,832052,27-06-2024,2331.26,14282.35,Payment for INV-2023-CGVYIE
TXN-20231112-1356,456699,12-11-2023,812.09,10106.06,Payment for INV-2022-JAHCPZ
TXN-20240525-2545,363626,25-05-2024,1391.99,9363.03,Payment for INV-2021-AYYOV8
TXN-20231202-1040,549245,02-12-2023,1895.55,11557.91,Payment for INV-2025-100QXM
TXN-20231216-7882,877572,16-12-2023,2324.17,12063.88,Payment for INV-2025-RPN6QF
TXN-20250531-3627,358607,31-05-2025,1153.15,13652.39,Online transfer to vendor
TXN-20250814-1595,658582,14-08-2025,564.38,6738.17,Payment for INV-2025-OR7875
TXN-20250419-8001,131244,19-04-2025,3920.37,11474.58,Payment for INV-2025-TKEZJS
TXN-20230214-1859,850800,14-02-2023,3146.03,11591.29,Payment for INV-2023-G2RE6Z
TXN-20230905-4193,407757,05-09-2023,2960.3,13885.27,Payment for INV-2023-MYGTY3
TXN-20240802-9737,379786,02-08-2024,,12218.96,Funds transfer
TXN-20250220-4457,988662,20-02-2025,2120.3,13149.18,Payment for INV-2021-XFGCAQ
TXN-20240627-8362,267414,27-06-2024,1814.38,11170.97,Payment for INV-2021-3TQ1S0
TXN-20250130-9850,220116,30-01-2025,2852.25,8210.78,Payment for INV-2022-V05X4W
TXN-20240612-4795,220116,12-06-2024,1179.82,8677.06,Funds transfer
TXN-20250130-9784,883300,30-01-2025,3180.64,11926.01,Payment for INV-2023-XZBDQ5
TXN-20240610-4002,197251,10-06-2024,3081.72,12168.95,Payment for INV-2025-D1T53Y
BADID-986,429963,28-05-2025,2513.11,11994.02,Payment for INV-2020-82795E
TXN-20230203-5305,440035,03-02-2023,2723.61,14058.53,Payment for INV-2021-5D5E3H
TXN-20230621-5981,207473,21-06-2023,2319.52,15626.75,Payment for INV-2024-2JWUUX
TXN-20250702-7991,694731,02-07-2025,4389.04,18075.87,Payment for INV-2025-6QF5Q1
TXN-20250606-5043,905635,06-06-2025,2620.75,14701.13,Payment for INV-2022-OB0NLW
TXN-20241208-5942,334053,08-12-2024,2831.35,12468.39,Payment for INV-2020-SS0KB6
TXN-20250717-1750,658582,17-07-2025,2280.53,14312.72,Payment for INV-2020-ZEGBL2
TXN-20230708-1841,322086,08-07-2023,679.77,14342.69,Payment for INV-2021-7R3OCW
TXN-20240301-2406,658582,01-03-2024,1938.96,10467.24,Payment for INV-2019-30MM2S
TXN-20230224-3444,944962,24-02-2023,2295.48,10100.79,Funds transfer
TXN-20230103-1201,876646,03-01-2023,2964.85,16196.02,Payment for INV-2020-BN7G8B
TXN-20230323-1994,158655,23-03-2023,3186.73,16059.4,Payment for INV-2021-U7ONZ3
TXN-20250214-8036,575435,14-02-2025,3180.99,13987.54,Payment for INV-2021-N6937X
TXN-20230422-5521,456778,22-04-2023,2025.21,8938.97,Payment for INV-2019-ZR5SWK
TXN-20241225-7004,961722,25-12-2024,2637.72,13537.52,Payment for INV-2024-VP8GMN
TXN-20250419-2226,738720,19-04-2025,475.48,10957.33,Funds transfer
TXN-20231009-7168,497887,09-10-2023,-604.21,9793.69,Payment for INV-2025-MJQY3O
TXN-20230822-5237,172574,22-08-2023,2670.74,12086.22,Payment for INV-2022-NWPAYT
TXN-20240423-9856,891952,23-04-2024,1699.14,9280.19,Payment for INV-2021-TE8TVQ
TXN-20250317-9609,343962,17-03-2025,163.79,11179.77,Payment for INV-2022-TN7E36
TXN-20230226-2375,480612,26-02-2023,2931.27,14395.09,Payment for INV-2021-V56ONX
TXN-20241024-7371,688637,24-10-2024,1199.96,11072.91,Payment for INV-2020-S2ZYBN
TXN-20230726-9157,148050,26-07-2023,2216.68,11609.98,Payment for INV-2022-ST3TA1
TXN-20250721-1251,983794,21-07-2025,1761.05,9945.92,Payment for INV-2024-F58C2J
TXN-20230709-4545,197251,09-07-2023,1568.06,15287.99,Payment for INV-2024-R09SKD
TXN-20240103-2574,724834,03-01-2024,1503.47,9196.49,Payment for INV-2025-NHQNJV
TXN-20230826-9513,656116,26-08-2023,1163.94,14012.93,Payment for INV-2024-MUX2RX
TXN-20230901-6234,974628,01-09-2023,-832.52,9201.26,Payment for INV-2020-W83Y0M
TXN-20240808-7129,832052,08-08-2024,1970.78,13521.01,Payment for INV-2021-TEDQMV
TXN-20231002-7225,267414,02-10-2023,2088.41,15043.47,Payment for INV-2024-2FOMD7
TXN-20250413-7208,329974,13-04-2025,2235.39,9583.8,Payment for INV-2021-RXD356
TXN-20240513-8155,503457,13-05-2024,1600.1,12138.69,Payment for INV-2020-DXOQ2V
TXN-20230918-8412,472528,18-09-2023,3276.97,13953.02,Payment for INV-2022-8ABKAE
TXN-20230215-1437,913694,15-02-2023,1456.53,10703.4,Payment for INV-2019-WYQMOG
TXN-20250321-1939,273148,21-03-2025,3503.4,15258.12,Payment for INV-2019-YOS0FB
TXN-20231113-6618,634277,13-11-2023,2215.22,13748.32,Bill payment
TXN-20250408-7765,759176,08-04-2025,1292.37,9868.02,ATM withdrawal
TXN-20230513-1797,460663,13-05-2023,2749.58,12401.69,Payment for INV-2025-XLBC8N
TXN-20240223-1636,352572,23-02-2024,1109.62,12364.84,Payment for INV-2019-NUGPJ6
TXN-20250705-9108,231869,05-07-2025,-624.82,14473.2,Online transfer to vendor
TXN-20240128-7730,865179,28-01-2024,601.43,11727.37,Payment for INV-2019-LR6N92
TXN-20241211-6281,930555,11-12-2024,1104.65,10288.45,Payment for INV-2024-EMRUYP
TXN-20241019-5949,653306,19-10-2024,2381.94,13242.02,Payment for INV-2022-I3OQYF
TXN-20240312-8652,456699,12-03-2024,4703.03,14241.71,Bill payment
TXN-20230911-1549,555884,11-09-2023,896.33,10234.75,Payment for INV-2020-Q1S9RY
TXN-20241004-7146,271339,04-10-2024,-1776.53,7524.84,Payment for INV-2022-C21O0Z
TXN-20241129-6613,273148,29-11-2024,1241.03,9283.55,Payment for INV-2024-J1QI9M
TXN-20230720-2978,207175,20-07-2023,2174.82,12504.13,Payment for INV-2025-OQ2ZDO
TXN-20250330-2075,654816,30-03-2025,1915.18,14935.4,Payment for INV-2020-6QC6K8
TXN-20230906-9537,883300,06-09-2023,2140.89,8604.01,ATM withdrawal
TXN-20240422-6886,774079,22-04-2024,1197.51,13795.13,Payment for INV-2021-JSRD9Q
TXN-20230208-7251,407757,08-02-2023,3180.49,17737.29,Payment for INV-2019-27M5P7
TXN-20231122-3384,100599,22-11-2023,2546.96,12684.65,Payment for INV-2024-BL98K0
TXN-20240728-1144,269396,28-07-2024,2850.65,12537.17,Payment for INV-2019-YQ6WW8
TXN-20230828-5902,482554,28-08-2023,2798.06,10444.72,Payment for INV-2021-Y3UFN0
TXN-20250517-7722,329974,17-05-2025,1334.58,12778.39,Payment for INV-2025-7Q5EGV
TXN-20240929-5146,624902,29-09-2024,-152.59,10086.52,Payment for INV-2019-Q4TA5I
TXN-20231001-3476,189814,01-10-2023,1985.31,8382.3,Payment for INV-2025-YSYZ7P
TXN-20231104-4290,344098,04-11-2023,1473.92,11445.88,Salary deposit
TXN-20240327-2789,260265,27-03-2024,3088.61,13507.53,Payment for INV-2025-WCDECB
TXN-20250523-3988,131244,23-05-2025,2677.36,11127.29,Payment for INV-2020-KWWJWG
TXN-20230630-9548,407757,30-06-2023,3204.92,10811.6,Payment for INV-2024-J3TRP0
TXN-20250201-7105,265840,01-02-2025,2211.02,12017.59,Payment for INV-2025-EC8UYO
TXN-20240529-6095,903035,29-05-2024,3314.01,10884.92,Online transfer to vendor
TXN-20250604-5573,131244,04-06-2025,559.96,12941.41,Payment for INV-2021-XO9T7E
TXN-20250317-4241,982554,17-03-2025,1751.04,13694.18,Payment for INV-2022-EIFJFC
TXN-20250204-9947,555884,04-02-2025,2443.82,13993.09,Payment for INV-2025-VHHPBM
TXN-20250325-2294,765822,25-03-2025,4300.41,16451.28,Payment for INV-2021-8QIZK3
TXN-20240729-1568,887352,29-07-2024,2262.21,11042.34,Payment for INV-2024-LMNTFK
TXN-20250602-9646,520651,02-06-2025,-810.99,8678.51,Payment for INV-2024-LNOEMQ
TXN-20240415-6381,736059,15-04-2024,1739.82,10426.96,Online transfer to vendor
TXN-20240409-6377,322955,09-04-2024,2963.91,12923.71,Payment for INV-2023-GDVC2G
TXN-20250811-8715,581741,11-08-2025,1841.69,11473.98,Payment for INV-2021-978V0B
TXN-20240923-8916,172574,23-09-2024,1832.88,12398.04,Payment for INV-2024-RATATJ
TXN-20230106-1718,498591,06-01-2023,1147.61,12098.34,Payment for INV-2024-WQ8962
TXN-20250303-6090,439902,03-03-2025,1906.57,12364.53,Payment for INV-2021-DQNK20
TXN-20250510-3527,271339,10-05-2025,1865.84,12690.06,Payment for INV-2021-9YECAZ
TXN-20240807-4068,271339,07-08-2024,1444.8,15207.11,Online transfer to vendor
TXN-20230717-3318,191161,17-07-2023,2378.83,13769.58,Payment for INV-2020-EGT2HS
TXN-20250219-5482,496922,19-02-2025,1853.91,10668.06,Payment for INV-2022-88QEOZ
TXN-20230109-5906,287330,09-01-2023,2224.42,13228,Payment for INV-2021-32OOUX
TXN-20230910-4629,412942,10-09-2023,-529.56,8877.23,Payment for INV-2024-0P4E05
TXN-20231121-7337,717889,21-11-2023,1167.71,6749.41,Payment for INV-2025-4PTGQ9
TXN-20230520-8627,835392,20-05-2023,1869.26,14079.14,Payment for INV-2022-P1HKF2
TXN-20230118-5820,127824,18-01-2023,-1980.98,6013.96,Payment for INV-2020-OIXNTM
TXN-20231102-2617,174870,02-11-2023,3252.54,11694.5,Payment for INV-2021-F6J76B
TXN-20230403-6309,182627,03-04-2023,3368.1,11030.62,Payment for INV-2024-XZF0DZ
TXN-20240415-1538,207473,15-04-2024,3449.85,10597.61,Payment for INV-2020-U4KZRE
TXN-20250630-2449,195325,30-06-2025,1672.06,13274.22,Payment for INV-2020-R08CW2
TXN-20231116-1864,195325,16-11-2023,604.21,11786.91,Payment for INV-2021-TAQ6UL
TXN-20230507-3043,671858,07-05-2023,1555.33,10439.16,Payment for INV-2022-K0Q929
TXN-20230922-5336,653306,22-09-2023,1391.77,12118,Payment for INV-2020-PR7VGR
TXN-20240814-8951,717889,14-08-2024,2975.2,13977.39,Payment for INV-2025-MYBD2Q
TXN-20250602-9842,376183,02-06-2025,2167.04,13001.83,Funds transfer
TXN-20230226-3877,403445,26-02-2023,806.36,12644.67,Payment for INV-2019-AEARMS
TXN-20230316-2106,388389,16-03-2023,1775.14,10475.13,Payment for INV-2019-JBC2SW
TXN-20231003-2009,665158,03-10-2023,-273.5,7853.92,Payment for INV-2020-1YDMT8
TXN-20241106-5333,852787,06-11-2024,1467.69,13857.97,Payment for INV-2020-0MQVIN
TXN-20241019-1349,930555,19-10-2024,1731.11,9518.06,Online transfer to vendor
TXN-20250727-7515,779514,27-07-2025,2096.37,10065.11,Payment for INV-2024-V6SGP3
TXN-20240822-5281,182627,22-08-2024,-84.11,13365.28,Payment for INV-2025-TUW9OH
TXN-20250418-7858,787277,18-04-2025,2537.09,12640.34,Payment for INV-2023-Y7UIKO
TXN-20240920-7499,653306,20-09-2024,3542.11,17554.3,Payment for INV-2025-LW2QIT
TXN-20240904-6315,755674,04-09-2024,746.65,11443.94,Payment for INV-2025-NKND66
TXN-20230122-1376,273148,22-01-2023,2015.18,10065.57,Funds transfer
TXN-20230117-6558,207473,17-01-2023,3177.54,12752.38,Payment for INV-2019-MZOHXS
TXN-20230623-1590,654816,23-06-2023,2324.06,10028.68,Bill payment
TXN-20250115-8305,182627,15-01-2025,2568.1,10468.79,Payment for INV-2019-6FX7XJ
TXN-20250729-4262,472528,29-07-2025,3191.96,12007.43,Payment for INV-2021-NQO7YI
TXN-20240118-7745,207175,18-01-2024,268.8,13258.68,Payment for INV-2023-PIZX3H
TXN-20240509-3839,717889,09-05-2024,-471.56,6176.86,Payment for INV-2020-FR27RI
TXN-20230317-8565,403445,17-03-2023,650.54,11821.55,Payment for INV-2022-BNKX9D
TXN-20231217-7151,391369,17-12-2023,1121.52,8296.45,Payment for INV-2020-0T6DVW
TXN-20240404-3738,263032,04-04-2024,829.98,12527.1,ATM withdrawal
TXN-20240428-9399,166613,28-04-2024,-2409.44,7037.22,Payment for INV-2025-85I0HI
TXN-20250312-4365,331148,12-03-2025,2095.74,10909.09,Payment for INV-2023-6GMD47
TXN-20241016-5991,189814,16-10-2024,1259.51,12989.16,Payment for INV-2019-GYG3VA
TXN-20231104-3093,944962,04-11-2023,2865.24,14485.15,Payment for INV-2024-64SKBC
TXN-20230705-9640,632323,05-07-2023,2143.05,13842.27,Payment for INV-2025-B98V34
TXN-20230728-9221,356702,28-07-2023,1747.31,12531.48,Payment for INV-2025-WQ40ZS
TXN-20230408-3303,452944,08-04-2023,2695,16588.09,Payment for INV-2022-LIJI18
TXN-20230414-5192,609597,14-04-2023,2551.48,13232.66,Payment for INV-2024-I9KQDG
TXN-20230404-5066,379786,04-04-2023,1805.09,14072.63,Payment for INV-2021-OBK3G8
TXN-20241029-4804,883300,29-10-2024,1442.51,8702.9,Payment for INV-2023-04B7P4
TXN-20240814-6434,112038,14-08-2024,491.81,8177.85,Payment for INV-2025-62CF4M
TXN-20230401-5135,183667,01-04-2023,1469.74,9883.99,Payment for INV-2021-E153A5
TXN-20250710-9308,793384,10-07-2025,630.13,9086.57,Bill payment
TXN-20231116-6293,791798,16-11-2023,2605.22,14836.09,Payment for INV-2020-WB7SJW
TXN-20240916-3917,983794,16-09-2024,-2136.14,2622.52,Payment for INV-2022-NQGMJM
TXN-20250629-5093,711878,29-06-2025,1540.45,8064.23,Payment for INV-2020-JKUUHC
TXN-20230425-1260,492077,25-04-2023,1344.31,10872.89,Payment for INV-2024-84HXXP
TXN-20241011-2397,472528,11-10-2024,1896.57,9418.46,Payment for INV-2023-Z09WFT
TXN-20240131-4060,575435,31-01-2024,1259.17,11230.59,Payment for INV-2022-YN2JCP
TXN-20240113-1132,665492,13-01-2024,1558.15,11779.92,Payment for INV-2023-VYCS44
TXN-20230902-1004,166613,02-09-2023,4075.64,13331.1,Payment for INV-2020-DJOYOH
TXN-20240213-3916,678856,13-02-2024,1430.55,11182.51,Payment for INV-2020-85D4F2
TXN-20241215-3068,676510,15-12-2024,87.29,10812.24,Payment for INV-2024-5R5UQP
TXN-20231017-7697,174870,17-10-2023,929.42,12294.67,Payment for INV-2025-MV2XCD
TXN-20250723-6896,624902,23-07-2025,3207.99,8716.65,Payment for INV-2019-9HKHJG
TXN-20230403-7922,854639,03-04-2023,3332.08,9610,Payment for INV-2025-NGWDS9
TXN-20230629-4869,407419,29-06-2023,1856.88,13430.94,Salary deposit
TXN-20230503-3582,127824,03-05-2023,3193.96,12520.16,Payment for INV-2025-Y3ZB4L
TXN-20230405-4552,719176,05-04-2023,2379.15,14839.59,Payment for INV-2023-WZE4EX
TXN-20240320-6427,542666,20-03-2024,3287.98,12442.36,Payment for INV-2023-9967I6
TXN-20250728-4225,496922,28-07-2025,1600.02,9539.74,Payment for INV-2020-LCWBPA
TXN-20250620-1898,391476,20-06-2025,1743.66,10667.56,Funds transfer
TXN-20250730-8248,356702,30-07-2025,1220.85,10832.19,Payment for INV-2025-H6FE0M
TXN-20240419-1439,946335,19-04-2024,257.78,9165.7,Payment for INV-2025-AJ84RX
TXN-20240229-5726,542666,29-02-2024,3598.43,11888.02,Payment for INV-2025-A4LIT6
TXN-20250211-5051,246316,11-02-2025,1513.57,11928.77,Payment for INV-2020-4WIRE8
BADID-931,590785,15-04-2025,2475.59,8981.8,Payment for INV-2024-E8NVN4
TXN-20250716-6413,872246,16-07-2025,1536.58,10605.12,Payment for INV-2019-SKRT05
TXN-20250623-6965,388389,23-06-2025,3007.44,10497.59,Payment for INV-2025-WLC83G
TXN-20230203-6213,900581,03-02-2023,1382.35,10750.2,Payment for INV-2025-8HU7F0
TXN-20231008-9491,331148,08-10-2023,903.78,10768.04,Salary deposit
TXN-20230723-1853,472528,23-07-2023,464.96,6704.94,Payment for INV-2025-Y9IPA2
TXN-20250621-9064,665492,21-06-2025,1305.29,,Payment for INV-2023-LRDIHS
TXN-20240803-4482,492077,03-08-2024,2505.74,12332.34,Payment for INV-2020-H03G95
TXN-20240921-1639,245051,21-09-2024,2296.18,13046.61,Payment for INV-2025-T1DX6T
TXN-20250607-7332,352572,07-06-2025,1410.09,13098.66,Payment for INV-2020-9SZ6RV
TXN-20230807-8752,852787,07-08-2023,1073.95,10048.02,ATM withdrawal
TXN-20230628-5930,892495,28-06-2023,2041.98,11767.44,Salary deposit
TXN-20240621-7821,996865,21-06-2024,1005.89,10944.01,Payment for INV-2022-FN1R4K
TXN-20230205-9721,182582,05-02-2023,2361.76,13001.38,Payment for INV-2020-PBWSXX
TXN-20241127-2946,195325,27-11-2024,1935.86,12593.38,Payment for INV-2020-9O2M71
TXN-20250525-5093,440035,25-05-2025,4333.24,14717.81,Payment for INV-2019-Q2FA39
TXN-20240813-4981,961722,13-08-2024,1571.95,10087.14,Payment for INV-2025-RODXMO
TXN-20250101-6674,343962,01-01-2025,2048.86,12130.04,Payment for INV-2022-X0H3JU
TXN-20240226-6752,331148,26-02-2024,485.53,11128.72,Payment for INV-2025-YVUXT9
TXN-20241005-6140,910620,05-10-2024,2584.68,11844.23,Payment for INV-2023-CFS831
TXN-20240315-3290,183667,15-03-2024,3901.19,13779.87,Payment for INV-2020-JDTVV2
TXN-20240112-6876,377746,12-01-2024,3080.46,9390.65,Payment for INV-2019-OGE4QX
TXN-20250205-5897,429963,05-02-2025,414.02,6654.17,Payment for INV-2025-Z4Z7WH
TXN-20230418-3634,217301,18-04-2023,898.75,11874.1,Payment for INV-2021-ORXO1B
TXN-20240603-1042,759176,03-06-2024,3687.14,15450.42,Payment for INV-2021-04UX5Q
TXN-20240330-3740,520651,30-03-2024,2403.73,12355.34,Payment for INV-2019-U2HBIK
TXN-20230607-5781,169403,07-06-2023,2576.56,13199.06,Payment for INV-2023-ZORQQF
TXN-20250115-2456,945964,15-01-2025,609.41,7715.06,Payment for INV-2019-W1MF07
TXN-20250811-5125,623481,11-08-2025,-728.59,6776.82,Payment for INV-2022-5IE3LV
TXN-20250724-3190,855731,24-07-2025,,12886.87,Payment for INV-2024-7VAAGU
TXN-20231219-3112,403445,19-12-2023,3059.94,14293.95,Payment for INV-2019-NVG3KK
TXN-20230604-7718,216739,04-06-2023,3572.81,14073.71,Payment for INV-2019-IM458A
TXN-20230915-2311,598369,15-09-2023,3507.63,12123.33,Payment for INV-2020-GDC5TA
TXN-20230511-8140,403445,11-05-2023,2341.83,12221.75,Payment for INV-2023-81L51F
TXN-20250731-4654,770487,31-07-2025,1816.7,11777.11,Payment for INV-2024-IWI08L
TXN-20230716-9786,207175,16-07-2023,1399.75,13294.63,Payment for INV-2022-FGQ5C3
TXN-20240904-3353,731262,04-09-2024,846.27,9156.01,Payment for INV-2020-K9SM7V
TXN-20230201-7637,492077,01-02-2023,2288.65,12438.2,Payment for INV-2025-V6TT9Q
TXN-20230220-9138,172574,20-02-2023,419.75,10451.86,Payment for INV-2025-6K2VMW
TXN-20231118-7524,325772,18-11-2023,2736.84,12174.18,Payment for INV-2021-KZRUIN
TXN-20230714-9849,864544,14-07-2023,2538.06,12454.7,Payment for INV-2021-XKDOTR
TXN-20230418-9461,205907,18-04-2023,1130.71,11108.98,Payment for INV-2023-G2QFPO
TXN-20231201-1448,983794,01-12-2023,3604.34,13034.15,Payment for INV-2025-BXW2EO
TXN-20230819-4387,363626,19-08-2023,1810.88,13654.18,Payment for INV-2021-XS58YR
TXN-20240629-7566,913694,29-06-2024,1893.51,10985.93,Payment for INV-2023-OWT9NM
TXN-20230516-3837,542666,16-05-2023,1449.28,9396.84,Payment for INV-2023-2IV7ZZ
TXN-20230401-5310,133326,01-04-2023,1805.3,11676.92,Payment for INV-2020-NV07OX
TXN-20241028-4522,351083,28-10-2024,2326.13,9823.9,Payment for INV-2022-QIMQOD
TXN-20230803-4212,216739,03-08-2023,1.11,10069.17,Payment for INV-2025-WDJSGG
TXN-20241209-8790,694916,09-12-2024,3196.63,11977.06,Payment for INV-2021-BC76UB
TXN-20250205-8126,267753,05-02-2025,867.33,11556.04,Payment for INV-2023-XT6RID
TXN-20230811-1958,322086,11-08-2023,2582.12,14357.62,Payment for INV-2023-0CLBR7
TXN-20240302-6040,711878,02-03-2024,3642.02,15661.65,Payment for INV-2025-65WVJX
TXN-20240901-3906,883300,01-09-2024,1427.81,9847.78,Payment for INV-2022-0MB1L6
TXN-20231115-1224,358607,15-11-2023,4374.14,13752.69,Payment for INV-2023-OI4E8X
TXN-20241023-5201,543143,23-10-2024,2281.92,11936.45,Funds transfer
TXN-20230708-7348,120422,08-07-2023,-640.9,8712.22,Payment for INV-2022-RFIO87
TXN-20250104-2644,497887,04-01-2025,2193.35,10891.14,Payment for INV-2025-FJCP0T
TXN-20240821-7841,549245,21-08-2024,2607.13,15229.45,Payment for INV-2021-FLN4RX
TXN-20250125-6744,518801,25-01-2025,1867.37,9918.31,Payment for INV-2025-ZWFFHH
TXN-20240424-4159,748564,24-04-2024,899.22,9476.62,Payment for INV-2025-EFQJG0
TXN-20240626-9986,728038,26-06-2024,1249.64,8757.11,Salary deposit
TXN-20241015-2342,172933,15-10-2024,,11496.39,Payment for INV-2022-4LORXD
TXN-20230417-9810,476417,17-04-2023,1050.58,13920.05,Payment for INV-2025-Z91X70
TXN-20230414-1550,329974,14-04-2023,2302.45,11046.59,Payment for INV-2022-VZB0OI
TXN-20230730-5769,865179,30-07-2023,-833.03,11885.35,Payment for INV-2024-SQNAL6
TXN-20240824-1527,356787,24-08-2024,2390.37,12082.56,Payment for INV-2020-F8LWVV
TXN-20240221-1555,982554,21-02-2024,953.88,11900.69,Payment for INV-2021-537QO4
TXN-20231228-9776,322955,28-12-2023,2466.72,13479.45,Payment for INV-2019-ZJKO0M
TXN-20230524-9824,182582,24-05-2023,869.38,12114.8,Payment for INV-2020-J5CCAS
TXN-20240826-1999,145561,26-08-2024,1824.15,15147.09,Salary deposit
TXN-20240401-3935,832052,01-04-2024,1230,8637.77,Payment for INV-2023-8X80RM
TXN-20240215-1599,930555,15-02-2024,3451.25,11972.42,Payment for INV-2020-HH5OL5
TXN-20230512-7347,850800,12-05-2023,1290.42,8773.41,Payment for INV-2024-V5SN96
TXN-20240221-8886,430776,21-02-2024,2218.64,13982.16,Payment for INV-2020-56FAO7
TXN-20240425-1086,817870,25-04-2024,3208.98,10325.99,Payment for INV-2019-AHF7VP
TXN-20231029-9029,249811,29-10-2023,1191.78,12611.64,Payment for INV-2020-UTLQ5V
TXN-20230721-4170,632342,21-07-2023,2651.52,10376.15,Payment for INV-2021-Q9C80E
TXN-20230102-8069,189814,02-01-2023,1968.94,10149.57,Payment for INV-2023-P5ZP7R
TXN-20240429-6952,905934,29-04-2024,914.85,9264.03,Payment for INV-2024-QDXAMW
TXN-20240803-9700,738551,03-08-2024,-3146.03,1178.96,Payment for INV-2022-PMC3SK
TXN-20230723-7322,131244,23-07-2023,3333.39,14497.14,Bill payment
TXN-20230514-7563,498382,14-05-2023,1227.12,12041.22,Payment for INV-2021-Y7DV7C
TXN-20230401-4258,452944,01-04-2023,2840.73,13256.34,Payment for INV-2023-8UZB7K
TXN-20240525-8606,322955,25-05-2024,4035.87,14973.83,Payment for INV-2020-LNZZRJ
TXN-20230715-6644,344098,15-07-2023,2172.53,13194.26,Payment for INV-2023-X1GM32
TXN-20240713-7440,391704,13-07-2024,1034.34,14292.67,Payment for INV-2022-LAQ665
TXN-20230120-1813,944962,20-01-2023,762.57,10981.39,Payment for INV-2023-A9KEPA
TXN-20230731-3270,166613,31-07-2023,1461.76,11190.05,Payment for INV-2023-T25LZS
TXN-20230203-7977,148050,03-02-2023,1206.21,11504.92,Payment for INV-2025-J8T22C
TXN-20230409-9814,456778,09-04-2023,2848.17,10383.12,Payment for INV-2023-ACY15P
TXN-20230216-2189,814825,16-02-2023,3214.8,12019.66,Payment for INV-2021-7D2KD1
TXN-20230811-1924,854639,11-08-2023,2949.55,9979.75,Payment for INV-2020-SK30LV
TXN-20230112-4435,969693,12-01-2023,1546.75,14451.69,Payment for INV-2020-YM2ZBP
TXN-20250524-7056,383060,24-05-2025,2681.36,10373.98,Salary deposit
TXN-20250320-4164,148050,20-03-2025,2233.79,9122,Payment for INV-2020-VWOPLO
TXN-20240418-1888,356702,18-04-2024,2057.47,7491.87,Payment for INV-2020-SWRPBJ
TXN-20241210-3712,287330,10-12-2024,1966.87,15555.99,Payment for INV-2024-POYIPK
TXN-20241127-1152,330283,27-11-2024,1257.53,8617.48,Payment for INV-2019-Z39PEC
TXN-20240421-4796,340174,21-04-2024,2793.18,12549.07,Payment for INV-2020-F6JNG7
BADID-168,793384,18-02-2023,1734.38,13807.41,Payment for INV-2025-I0D4DM
TXN-20250221-9374,897549,21-02-2025,712.84,7918.6,Payment for INV-2021-O1ESP7
TXN-20230813-7363,712982,13-08-2023,3800.51,16278.4,Payment for INV-2021-79GIL0
TXN-20240619-9515,539898,19-06-2024,4410.05,14853.03,Payment for INV-2019-NH2ODP
TXN-20241220-4693,988662,20-12-2024,4511.54,14430.44,Payment for INV-2021-MJYJCM
TXN-20250202-4630,575435,02-02-2025,2818.48,13086.18,Payment for INV-2021-2CWTG1
TXN-20240408-4940,380746,08-04-2024,1902.17,9686.29,Payment for INV-2019-UA08EK
TXN-20240528-7806,898975,28-05-2024,2206.72,13724.6,Payment for INV-2022-ZCTWJL
TXN-20250731-7628,334053,31-07-2025,515.94,10099,Salary deposit
TXN-20231205-6320,412942,05-12-2023,2478.82,13837.97,Payment for INV-2022-RCER4K
TXN-20250117-4295,813328,17-01-2025,2496.71,12220.18,Payment for INV-2024-L9XPSE
TXN-20231210-8034,308573,10-12-2023,909.03,10087.4,Payment for INV-2021-SJ9WRS
TXN-20230709-7068,982554,09-07-2023,2243.66,10063.24,Payment for INV-2024-QW4C6L
BADID-952,623481,16-05-2024,3182.23,15503.63,Payment for INV-2019-NVC7HR
TXN-20240411-1534,961722,11-04-2024,2218.66,11326.02,Payment for INV-2024-FU7E4D
TXN-20230202-2314,498591,02-02-2023,1054.25,12270.74,Payment for INV-2025-1FJOTG
TXN-20250421-2404,301629,21-04-2025,1107.67,11911.85,Payment for INV-2020-Q95G3V
TXN-20231105-2654,584714,05-11-2023,153.81,8294.79,Payment for INV-2024-SWZP6S
TXN-20240401-5678,460663,01-04-2024,3317.39,13712.59,Payment for INV-2024-6RE4Q6
TXN-20250203-4524,514850,03-02-2025,2383.61,7644.17,Payment for INV-2022-PMNZ1U
TXN-20231217-8496,864544,17-12-2023,2695.54,14393.74,Payment for INV-2020-LZ2RWG
TXN-20240227-9996,207473,27-02-2024,1506.88,14394.14,Payment for INV-2019-328W6U
TXN-20231212-3591,503457,12-12-2023,1138.3,11198.36,Payment for INV-2023-9PML9L
TXN-20250623-1032,983794,23-06-2025,-424.15,6986.44,Payment for INV-2022-X7B7P9
TXN-20250627-8994,376183,27-06-2025,1236.74,7626.98,Payment for INV-2025-TWIYKI
TXN-20231011-4731,231869,11-10-2023,2297.04,9748.27,Payment for INV-2019-EMTMYJ
TXN-20230406-3762,321231,06-04-2023,3107.72,11691.56,Funds transfer
TXN-20240401-7408,379946,01-04-2024,2323.08,11818.37,Payment for INV-2022-1VSMAD
TXN-20241214-9011,663054,14-12-2024,2175.17,10244.62,Payment for INV-2025-OC5XT6
TXN-20250719-5871,330283,19-07-2025,3516.23,14141.15,Payment for INV-2025-VPUC8D
TXN-20230302-6747,375504,02-03-2023,1812.47,9927.34,Payment for INV-2023-KTLZKJ
TXN-20240315-7626,883300,15-03-2024,680.65,10228.16,Payment for INV-2024-XKO8G8
TXN-20231106-5489,832052,06-11-2023,3639.96,15124.21,Payment for INV-2019-XJN6FO
TXN-20240118-2741,814825,18-01-2024,1770.2,10067.39,Payment for INV-2019-6R30OJ
TXN-20250707-9515,439902,07-07-2025,3100.96,17017.65,Payment for INV-2022-ZN9DDE
TXN-20240121-6381,813536,21-01-2024,1362.61,13740.64,ATM withdrawal
TXN-20250330-9973,172933,30-03-2025,1331.93,13343,Funds transfer
TXN-20240617-4726,736059,17-06-2024,2695.4,10413.38,Payment for INV-2022-IF86LT
TXN-20250302-9095,260265,02-03-2025,594.84,11596.91,Payment for INV-2022-11Q7UW
TXN-20230607-8523,334053,07-06-2023,2349.65,9220.04,Payment for INV-2024-LDB2UU
TXN-20240101-1783,480612,01-01-2024,1910.26,14790.49,Payment for INV-2025-XJ2POP
TXN-20250124-4228,590785,24-01-2025,3158.6,11517.24,Payment for INV-2021-P87WXE
TXN-20241025-2391,403445,25-10-2024,1230.44,12325.05,Payment for INV-2024-CKMALQ
TXN-20230723-9341,634277,23-07-2023,315.21,8447.77,Payment for INV-2022-SBELRQ
TXN-20250616-3967,881177,16-06-2025,1402.49,14247.23,Payment for INV-2021-DEJ31G
TXN-20250610-3527,308496,10-06-2025,2031.4,15246.56,Payment for INV-2024-N3EH81
TXN-20250519-8179,617488,19-05-2025,1730.81,11558.53,Payment for INV-2019-EIXN8B
TXN-20240419-3271,287330,19-04-2024,1693.83,13163.03,Salary deposit
TXN-20240531-3827,542666,31-05-2024,995.86,9460.26,Payment for INV-2019-IPPSFN
TXN-20240331-6236,731262,31-03-2024,968.42,9909.82,Payment for INV-2024-MCT64Z
TXN-20250526-2604,246413,26-05-2025,2822.54,10380.85,Payment for INV-2019-XTAD1I
TXN-20250803-8856,388389,03-08-2025,1197.34,11042.91,Payment for INV-2021-LN36V1
TXN-20250324-3979,711878,24-03-2025,1451.73,13118.4,Funds transfer
TXN-20250322-5728,910620,22-03-2025,-1566.35,7749.03,Payment for INV-2022-EYZ7SR
TXN-20240926-2567,684004,26-09-2024,107.24,10730.22,Payment for INV-2024-QE97N6
TXN-20230511-5603,169403,11-05-2023,2050.54,15030.15,Payment for INV-2024-MP6J37
TXN-20250509-4328,996865,09-05-2025,3185.7,14623.61,Payment for INV-2021-LB50AT
TXN-20241117-9624,814825,17-11-2024,1626.6,9279.46,Payment for INV-2019-XPNNGH
TXN-20250314-3374,791798,14-03-2025,1391.65,12576.71,Payment for INV-2021-RNLX6B
TXN-20230210-2192,422451,10-02-2023,2677.93,11702.11,ATM withdrawal
TXN-20250709-8298,852787,09-07-2025,2919.08,12338.53,Payment for INV-2025-CEOUUY
TXN-20250127-4363,835911,27-01-2025,2041.1,13236.96,Salary deposit
TXN-20240508-5224,671412,08-05-2024,2543.48,12943.1,Payment for INV-2019-N2HZ2O
TXN-20240416-6928,916449,16-04-2024,2833.92,13752.28,Payment for INV-2019-PDPOC5
TXN-20230916-5951,855731,16-09-2023,521.22,13865.75,Payment for INV-2023-8XNLO5
TXN-20250603-9433,497887,03-06-2025,1991.89,12308.07,Payment for INV-2022-JZV9NO
TXN-20240301-8609,944151,01-03-2024,2048.39,10673.3,Payment for INV-2020-MF5L9M
TXN-20231210-9849,996865,10-12-2023,1228.18,14550.78,Payment for INV-2019-EIYZCO
TXN-20230202-1977,855731,02-02-2023,1944.08,12620,Bill payment
TXN-20250819-5583,377932,19-08-2025,1740.41,8734.12,Payment for INV-2019-YHQIN9
TXN-20240227-4323,377370,27-02-2024,3530.2,14860.05,Payment for INV-2025-HG8PWY
TXN-20231002-5022,344098,02-10-2023,2075.8,10721.48,Payment for INV-2025-7KQ1UY
TXN-20240924-5631,539898,24-09-2024,2948.45,10376.54,Payment for INV-2019-2RV239
TXN-20230210-6285,267414,10-02-2023,3403.37,14799.18,Payment for INV-2023-B7WXRU
TXN-20240112-1209,325772,12-01-2024,2229.15,12139.66,Payment for INV-2024-RDPXDF
TXN-20230212-4458,688508,12-02-2023,2995.66,9765.6,Payment for INV-2023-2NS8JR
TXN-20230724-8541,899550,24-07-2023,2227.46,14841.75,Payment for INV-2021-K2IAGL
TXN-20240211-9227,319684,11-02-2024,297.79,9372.16,Payment for INV-2019-X43WFS
TXN-20241022-9787,267414,22-10-2024,1546.89,13336.34,Payment for INV-2025-DRLUXM
TXN-20230403-1241,944962,03-04-2023,1193.64,8502.47,Payment for INV-2022-HP2RNZ
TXN-20250803-9579,944151,03-08-2025,3029.46,14774.09,Payment for INV-2021-1F537Y
TXN-20250125-4276,356702,25-01-2025,2957.79,13373,Payment for INV-2022-6CVBPH
TXN-20250517-5029,358607,17-05-2025,2165.4,9401.36,Payment for INV-2020-HGJD3E
TXN-20230304-5583,731262,04-03-2023,106.39,10532.98,Payment for INV-2022-EH5SW2
TXN-20231115-1420,781453,15-11-2023,2551.74,11131.48,Bill payment
TXN-20230203-6689,321231,03-02-2023,3233.82,13104.48,Payment for INV-2022-41QESL
TXN-20230529-3745,945964,29-05-2023,2775.16,13881.24,Payment for INV-2024-3MWU4C
TXN-20241017-4297,955662,17-10-2024,32.67,9990.18,Payment for INV-2025-CGRYQY
TXN-20241015-8106,774079,15-10-2024,535.3,13164.93,Payment for INV-2023-0CHQI0
TXN-20250511-7224,149405,11-05-2025,1122.02,9468.26,Payment for INV-2025-5PP3XV
TXN-20240328-8949,488162,28-03-2024,1322.81,12153.91,Payment for INV-2022-R45ED5
TXN-20230310-4354,688637,10-03-2023,2324.46,8716.73,Payment for INV-2020-9IER7U
TXN-20250125-7586,363626,25-01-2025,1895.66,12682.27,Payment for INV-2021-EYTL8H
TXN-20250616-5876,663054,16-06-2025,2003.15,14463.13,Payment for INV-2021-VQYWJ8
BADID-777,598369,02-06-2025,182.02,11701.44,Payment for INV-2024-V8OGA0
TXN-20250421-7143,287330,21-04-2025,577.99,12788.11,Payment for INV-2023-2QB6GS
TXN-20230104-3143,391476,04-01-2023,81.23,10028.2,Payment for INV-2024-9FPZUE
TXN-20241129-3163,249811,29-11-2024,2071.88,13014.76,Payment for INV-2022-MPXKC5
TXN-20250226-6742,816751,26-02-2025,1930.42,13710.4,Payment for INV-2023-264UPJ
TXN-20240930-8216,895667,30-09-2024,317.34,8269.28,Payment for INV-2019-7IYF0D
TXN-20250204-9747,182582,04-02-2025,-684.79,9834.36,Payment for INV-2021-5PADNB
TXN-20230922-2097,996865,22-09-2023,2037.86,13207.01,Payment for INV-2019-NOLJQ5
TXN-20230715-9327,658582,15-07-2023,1189.49,9380.41,Payment for INV-2024-55J2O7
TXN-20250202-6419,246413,02-02-2025,3271.14,14812.87,Bill payment
TXN-20250324-5989,172574,24-03-2025,2181.06,14787.62,Salary deposit
TXN-20230422-5067,898975,22-04-2023,2619.15,16734.14,Payment for INV-2024-XFWUXX
TXN-20240511-4196,391704,11-05-2024,1337.29,7277.94,Payment for INV-2025-NUXORZ
TXN-20240711-4029,174870,11-07-2024,2164.76,12266.54,Payment for INV-2021-5NQJQI
TXN-20241028-4695,376183,28-10-2024,1130.34,13381.21,Payment for INV-2020-Q2BAJD
TXN-20240720-3316,422451,20-07-2024,1181.57,14246.31,Payment for INV-2019-BUOTDH
TXN-20250330-4996,456778,30-03-2025,2484.73,10792.02,Payment for INV-2023-GFU8IO
TXN-20230729-6147,590785,29-07-2023,1964.17,15093.46,Payment for INV-2020-JEXQ77
TXN-20240817-3804,267414,17-08-2024,2076.82,9510.84,Payment for INV-2024-W6M7B5
TXN-20250316-9561,814825,16-03-2025,1819.61,14565.31,Payment for INV-2025-POFV17
TXN-20230328-9741,308573,28-03-2023,3581.46,12962.14,Payment for INV-2023-LVR7MG
TXN-20250528-1518,183667,28-05-2025,2331.49,12615.02,Payment for INV-2021-ORIQ8H
TXN-20240306-7266,379946,06-03-2024,1628.29,9643.66,Payment for INV-2022-56NYXT
TXN-20241216-1301,590785,16-12-2024,4271.45,13462.66,Payment for INV-2022-UXBGK2
TXN-20230625-2552,182627,25-06-2023,1481.33,13187.73,Payment for INV-2023-LWN71E
TXN-20231026-1447,260263,26-10-2023,1753.76,12945.16,Payment for INV-2021-REC2JW
TXN-20241130-3525,169403,30-11-2024,1226.92,11227.92,Payment for INV-2023-KOLDXB
TXN-20230519-3378,771088,19-05-2023,2018.82,9675.51,Payment for INV-2024-77LU8E
TXN-20240803-6606,412942,03-08-2024,2288.41,11163.03,Payment for INV-2023-YGY0Z4
TXN-20250106-9612,133659,06-01-2025,2224.45,14318.65,Payment for INV-2022-13C9XQ
TXN-20250710-4027,542666,10-07-2025,2096.97,11808.39,Payment for INV-2019-ZJQ7W7
TXN-20240103-5961,391476,03-01-2024,3183.23,11465.6,Payment for INV-2022-B9XN4M
TXN-20240803-4783,195325,03-08-2024,362.4,10601.6,Funds transfer
TXN-20240114-5744,883300,14-01-2024,2254.43,11010.89,Payment for INV-2019-SEKNKB
TXN-20250524-3250,944962,24-05-2025,3058.21,14933.33,ATM withdrawal
TXN-20250626-6170,809570,26-06-2025,2459.93,13674.96,Payment for INV-2021-S9TJ1G
BADID-965,166613,24-03-2023,3289.75,14636.11,Payment for INV-2019-ONRWZC
TXN-20230428-8584,479580,28-04-2023,-3001.82,6003.04,Payment for INV-2021-T3G8CD
TXN-20230903-4874,857168,03-09-2023,1637.21,9899.66,Payment for INV-2022-SS8JLT
TXN-20230528-8065,249811,28-05-2023,3458.03,10465.63,Payment for INV-2020-WDPJBC
TXN-20240511-9462,376183,11-05-2024,1980.25,11007.09,Payment for INV-2025-NC2CZO
TXN-20230426-1960,717889,26-04-2023,3749.58,16512.49,Payment for INV-2025-FOV2YG
TXN-20230324-1653,245051,24-03-2023,1730.59,13165.67,Payment for INV-2022-0VAIY4
TXN-20230628-1422,835392,28-06-2023,822.47,11229.87,Payment for INV-2020-A2ILGB
TXN-20240305-6071,910620,05-03-2024,2687.07,15620.15,Payment for INV-2024-1QWEEH
TXN-20241103-8171,230889,03-11-2024,4351.77,13247.68,Payment for INV-2020-QKF4VG
TXN-20230816-4659,270555,16-08-2023,3051.95,11055.83,Payment for INV-2024-5P5NVQ
TXN-20241025-8606,133326,25-10-2024,2109.39,13560.92,Bill payment
TXN-20250129-9619,584714,29-01-2025,889.42,14393.96,Payment for INV-2019-0R2SDS
TXN-20240725-1894,182582,25-07-2024,282.21,10851.95,Payment for INV-2019-XF445C
TXN-20240701-9059,126225,01-07-2024,1641.23,11478.18,Payment for INV-2025-RAPKIA
TXN-20250129-6633,609597,29-01-2025,529.19,10811.53,ATM withdrawal
TXN-20230210-5760,120422,10-02-2023,2043.78,11532.1,Payment for INV-2021-2L0D1B
TXN-20250326-5806,719176,26-03-2025,3006.29,11852.51,Payment for INV-2021-NFTU2G
TXN-20230502-3142,106814,02-05-2023,1254.06,9930.98,Payment for INV-2025-GTYLPW
TXN-20240930-7512,855731,30-09-2024,2528.32,12943.33,Payment for INV-2024-CLYT8W
TXN-20230622-8096,903035,22-06-2023,2800.41,14308.99,Payment for INV-2025-0RNPM6
TXN-20241128-5166,895667,28-11-2024,2360.37,10539.08,Payment for INV-2020-V84A1X
TXN-20250522-6499,549245,22-05-2025,1467.83,12238.78,Payment for INV-2023-KLD56R
TXN-20250114-8711,343962,14-01-2025,2647.33,9391.56,Payment for INV-2025-XCS1XS
TXN-20240621-4425,988662,21-06-2024,1280.99,8154.81,Payment for INV-2023-CU9TD0
TXN-20250714-8595,106814,14-07-2025,1749.81,9609.89,Payment for INV-2025-XDSGV6
TXN-20250503-8849,575435,03-05-2025,1312.77,7753.91,Payment for INV-2022-2XRW6T
TXN-20241113-8622,126225,13-11-2024,2086.59,11775.24,Payment for INV-2021-YFPMVX
TXN-20250630-5033,375504,30-06-2025,2834.8,13427.92,Payment for INV-2023-VWPVS7
TXN-20230401-8105,717889,01-04-2023,2007.06,10686.42,Payment for INV-2024-PPRAT0
TXN-20250706-5097,728038,06-07-2025,1530.86,8674.56,Payment for INV-2025-NA9ZN9
TXN-20250222-7232,712982,22-02-2025,1269.26,8709.42,Payment for INV-2022-AM148P
TXN-20240709-7812,158655,09-07-2024,739.12,12574.84,Payment for INV-2019-HP6VZ4
TXN-20250123-6211,205907,23-01-2025,1875.38,9530.2,Payment for INV-2022-JCH2VF
TXN-20230620-8272,813328,20-06-2023,1975.82,10833.81,Payment for INV-2021-Q06WPX
TXN-20230820-4187,617488,20-08-2023,895.59,12743.53,Payment for INV-2022-7UJODC
TXN-20250504-3175,772097,04-05-2025,974.13,11098.79,Payment for INV-2025-EW1YF0
TXN-20230214-3799,898975,14-02-2023,3204.67,11956.47,Payment for INV-2021-UXF5GZ
TXN-20240330-7672,946335,30-03-2024,1410.67,10493.39,Payment for INV-2021-9P4627
TXN-20250724-3695,748564,24-07-2025,2478.98,13146.3,Payment for INV-2021-678K52
TXN-20250806-3018,267753,06-08-2025,,10718.14,Payment for INV-2025-6QVS8A
TXN-20250618-3981,916449,18-06-2025,1374.44,12166.05,ATM withdrawal
TXN-20230405-4624,482554,05-04-2023,3809.31,13373.22,Payment for INV-2020-XLK8WR
TXN-20240615-2560,787277,15-06-2024,2869.16,14643.74,Payment for INV-2022-XIMYN4
TXN-20240209-5320,422451,09-02-2024,1233.88,8977.75,Payment for INV-2023-RPP7R9
TXN-20230125-9649,480612,25-01-2023,2819.37,13667.15,Payment for INV-2021-ND9TKG
TXN-20240412-3796,195325,12-04-2024,1190.62,13104.03,Funds transfer
TXN-20241127-6644,322955,27-11-2024,367.05,9221.51,ATM withdrawal
TXN-20241011-1077,719176,11-10-2024,1939.71,12849.3,Payment for INV-2022-J1G1R1
TXN-20241211-3089,133326,11-12-2024,2208.06,10761.8,Payment for INV-2019-7PKWCY
BADID-931,500156,27-01-2025,2126.41,9771.19,Payment for INV-2024-7YJNXZ
TXN-20230208-5105,126225,08-02-2023,-1895.03,9330.55,Payment for INV-2019-ZEYQQC
TXN-20230907-1666,903035,07-09-2023,1049.09,11686.13,Payment for INV-2020-D4W1AR
TXN-20230415-9380,216739,15-04-2023,1047.82,11893.13,Payment for INV-2024-84UVKY
TXN-20240413-4005,779514,13-04-2024,1048.82,10365.18,Payment for INV-2024-UO8I5J
TXN-20250220-9664,877572,20-02-2025,2383.08,10773.56,ATM withdrawal
TXN-20240331-5419,472528,31-03-2024,2480.06,9749.14,Online transfer to vendor
TXN-20230402-3583,496922,02-04-2023,1047.68,9693.69,Payment for INV-2022-DW79WC
TXN-20230308-8265,498382,08-03-2023,-1464.39,10248.84,Payment for INV-2025-E63LBQ
TXN-20240710-5956,663054,10-07-2024,3371.86,13722.97,Payment for INV-2023-93TYT7
TXN-20241104-6038,835911,04-11-2024,1831.86,10887.68,Online transfer to vendor
TXN-20240215-2666,855731,15-02-2024,1785.93,12544.74,Payment for INV-2024-79C9MV
TXN-20240708-2130,542417,08-07-2024,1974.97,13610.5,Payment for INV-2022-BO119X
TXN-20240319-1907,321231,19-03-2024,2323.8,11740.82,Payment for INV-2025-EFFLZM
TXN-20240507-6459,198246,07-05-2024,2662.2,10450.95,Payment for INV-2020-ZH6A50
TXN-20231207-7745,755674,07-12-2023,449.34,10586.47,Payment for INV-2025-Y0IFZN
TXN-20240509-1507,663054,09-05-2024,1771.4,,Payment for INV-2022-7F6FDH
TXN-20231011-7995,898975,11-10-2023,4184.1,15325.11,Payment for INV-2024-61LFC1
TXN-20250311-7627,725380,11-03-2025,1265.2,7951.81,ATM withdrawal
TXN-20231004-1427,900581,04-10-2023,2829.47,12441.82,Payment for INV-2021-VB3K3Q
TXN-20241001-5760,379786,01-10-2024,3015.23,12532.77,Payment for INV-2024-MY9X8S
TXN-20230419-6864,898975,19-04-2023,-702.49,7781.8,Payment for INV-2024-QX5GGO
TXN-20250611-4066,260263,11-06-2025,4205.53,16604.2,Payment for INV-2020-G0V5DT
TXN-20230505-9899,883300,05-05-2023,3397.41,13247.12,Payment for INV-2022-6OM1FB
TXN-20231223-3087,634277,23-12-2023,1004.85,10641.84,Payment for INV-2023-D32LX2
TXN-20230322-7267,195325,22-03-2023,229.76,8164.5,Payment for INV-2023-YRUIWQ
TXN-20231129-8905,982554,29-11-2023,1946.1,9981.49,Payment for INV-2020-R6Z3DX
TXN-20231108-5066,629903,08-11-2023,405.57,9206.82,Payment for INV-2019-UOVW1N
TXN-20230611-2875,479201,11-06-2023,1428.25,12093.47,Payment for INV-2019-8UDTTJ
TXN-20250811-3733,263032,11-08-2025,1000.7,9991.15,Payment for INV-2022-KG4W58
TXN-20240302-6902,656116,02-03-2024,-104.75,13979.61,Payment for INV-2025-R8FHYD
TXN-20230227-5374,201414,27-02-2023,3464.18,15457.9,Payment for INV-2025-29YFC2
TXN-20250624-1436,482554,24-06-2025,1774.29,11781.12,Payment for INV-2022-BSI9NB
TXN-20240824-1339,377932,24-08-2024,1985.28,13578.09,Payment for INV-2025-YJB1QX
TXN-20240301-8249,738551,01-03-2024,1346.1,11400.73,Payment for INV-2021-F060O4
TXN-20241129-6258,352572,29-11-2024,2510.79,14571.95,Payment for INV-2022-68NTK6
TXN-20231117-3610,207175,17-11-2023,3108.18,11028.37,Payment for INV-2022-9Q5RDO
TXN-20250609-7853,855731,09-06-2025,733.66,10617.69,Payment for INV-2023-B8Z3V6
TXN-20250129-8846,539898,29-01-2025,4013.39,14286.46,Payment for INV-2020-ZZOILK
TXN-20240719-8904,755674,19-07-2024,2249.18,10462.19,Payment for INV-2020-NTJLMZ
TXN-20241230-7240,205907,30-12-2024,3646.4,11632.22,Payment for INV-2023-TQVDZ4
TXN-20240824-8679,412942,24-08-2024,2486.17,11835.57,Payment for INV-2024-3MD4P7
TXN-20250107-8972,183667,07-01-2025,628.33,9209.45,Payment for INV-2021-J4BDFH
TXN-20231019-3525,542666,19-10-2023,1568,12323.77,Payment for INV-2019-K2076V
TXN-20250617-9498,230889,17-06-2025,472.7,7068.43,Payment for INV-2023-O0USWB
TXN-20230328-1861,352572,28-03-2023,1388.48,8575.16,Payment for INV-2020-FWYJXR
TXN-20240517-8267,379786,17-05-2024,777.87,12203.87,Payment for INV-2019-6LFEWV
TXN-20250622-8207,948749,22-06-2025,3223.85,13497.49,Payment for INV-2020-ISKFFV
TXN-20240829-6340,549245,29-08-2024,1854.75,11213.63,Payment for INV-2022-HYL2LD
TXN-20231211-9098,246316,11-12-2023,2613.84,15329.6,Payment for INV-2025-LRMJKV
TXN-20230807-9383,127824,07-08-2023,2588.5,13922.24,Payment for INV-2023-LMWA6T
TXN-20240726-5831,191161,26-07-2024,1235.81,12988.16,Payment for INV-2025-ND1IVX
TXN-20250805-2654,781453,05-08-2025,2447.86,13190.05,Bill payment
TXN-20250114-4434,913694,14-01-2025,2293.56,9580.4,Salary deposit
TXN-20240731-1444,500156,31-07-2024,3163.16,13183.63,Payment for INV-2019-XEQBNH
TXN-20230102-7415,273148,02-01-2023,2522.24,10889.43,Funds transfer
TXN-20231211-9351,694731,11-12-2023,1114.84,14219.96,Payment for INV-2023-RURALD
TXN-20240123-1937,195325,23-01-2024,4891.7,15448.42,Payment for INV-2021-53A5O4
TXN-20230106-2911,765822,06-01-2023,2240.21,14746.48,Payment for INV-2019-GRY58V
TXN-20230310-6927,245051,10-03-2023,1333.15,11728.98,Payment for INV-2023-RPJY93
TXN-20230107-7483,273148,07-01-2023,2395.31,11248.43,Bill payment
TXN-20240102-6207,198246,02-01-2024,2541.41,15424.84,Payment for INV-2023-HGCSOT
TXN-20230420-6886,757924,20-04-2023,1900.03,8708.76,Payment for INV-2022-DW0FGZ
TXN-20241124-2120,106814,24-11-2024,1690.79,10186.48,Payment for INV-2023-UVFMH0
TXN-20240102-4813,898975,02-01-2024,347.08,12753.31,Payment for INV-2020-DXJ37C
TXN-20250622-3750,688508,22-06-2025,3022.84,12641.95,Payment for INV-2024-GODLUG
TXN-20250205-8355,755674,05-02-2025,-1480.81,6778.74,Payment for INV-2020-TL3Q4N
TXN-20231214-1100,482554,14-12-2023,2256.03,14221.41,Payment for INV-2020-5UOFWB
TXN-20250522-8960,809570,22-05-2025,2652.31,9389.64,Online transfer to vendor
TXN-20240421-5198,814825,21-04-2024,2357.02,10971.2,Payment for INV-2025-NV8Z2F
TXN-20240305-3725,665492,05-03-2024,1726.98,12457.23,Payment for INV-2022-RNTDR5
TXN-20241101-2818,412942,01-11-2024,780.81,10572.33,Bill payment
TXN-20241125-5655,779514,25-11-2024,1950.54,13300.18,Payment for INV-2021-0X65MU
TXN-20240425-8448,897549,25-04-2024,1640.37,12242.58,Payment for INV-2019-BXD8WJ
TXN-20250115-9587,787277,15-01-2025,2069.75,10790.22,Payment for INV-2021-PYE9R1
TXN-20230419-1881,779514,19-04-2023,2015.23,14110.93,Payment for INV-2019-PGVV4Z
TXN-20240529-1862,654816,29-05-2024,1911.64,11171.62,Payment for INV-2020-ISBO55
TXN-20250623-3442,813328,23-06-2025,2477.75,11959.69,Payment for INV-2023-BNTPBN
TXN-20241210-4476,765822,10-12-2024,1644.88,12474.53,Payment for INV-2024-NPVCUB
TXN-20240204-4865,308573,04-02-2024,2510.16,15055.3,Payment for INV-2022-HDHJO5
TXN-20230926-8388,581741,26-09-2023,3427.31,12588.44,Payment for INV-2020-NYQAEL
TXN-20230114-2458,590785,14-01-2023,3189.91,15217.26,Payment for INV-2019-4YFDS0
BADID-889,539898,21-08-2024,2928.05,14013.71,Payment for INV-2025-I8UYYF
TXN-20250611-6460,731262,11-06-2025,2603.09,10902.02,Payment for INV-2022-6D10A1
TXN-20230517-8612,738551,17-05-2023,1528.07,13705.97,Payment for INV-2024-TUL1P3
TXN-20240105-7044,358607,05-01-2024,3091.05,12869.58,Payment for INV-2022-2TWDL9
TXN-20231021-9228,388389,21-10-2023,961.2,11967,Salary deposit
TXN-20241123-3540,946335,23-11-2024,3351.11,15936.6,Payment for INV-2022-SXDQC2
TXN-20240127-6450,174870,27-01-2024,2410.53,14171.1,Online transfer to vendor
TXN-20230808-4728,429963,08-08-2023,805.48,11377.09,Payment for INV-2022-E9EDE1
TXN-20250713-1947,712982,13-07-2025,1233.14,11369.28,Payment for INV-2024-9259P5
TXN-20250811-6493,308496,11-08-2025,2645.48,16971.99,Payment for INV-2025-FB7R31
TXN-20250310-9115,905635,10-03-2025,1597.93,12646.46,Payment for INV-2023-SUJT9T
TXN-20240909-6424,793384,09-09-2024,2224.34,14032.38,Payment for INV-2019-BPGYVY
TXN-20250127-4982,191161,27-01-2025,2080.79,10718.68,Payment for INV-2023-753AYE
TXN-20240226-3671,766563,26-02-2024,-191.07,9138.73,Payment for INV-2019-HS32UY
TXN-20230728-5325,112038,28-07-2023,2452.94,12120.82,Payment for INV-2023-R64DPJ
TXN-20240328-5475,271339,28-03-2024,4081.31,13472.2,Payment for INV-2020-1EPKYR
TXN-20230906-7033,913694,06-09-2023,1892.7,12788.13,Payment for INV-2023-8910T2
TXN-20240120-4043,771088,20-01-2024,1992.96,14617.78,Payment for INV-2024-VN1KIC
TXN-20250209-7277,356702,09-02-2025,3193.64,12083.02,Payment for INV-2020-X0GU4B
TXN-20230416-6051,174870,16-04-2023,,15010.44,Payment for INV-2022-BA117N
TXN-20231020-1133,581141,20-10-2023,4403.42,14288.18,Payment for INV-2025-DEJNOB
TXN-20240921-9543,876646,21-09-2024,1295.53,9838.9,Payment for INV-2021-Q8CROY
TXN-20231106-2838,263032,06-11-2023,1639.96,10183.81,Payment for INV-2021-226PAR
TXN-20240911-5705,791798,11-09-2024,4303.64,11344.75,Payment for INV-2022-VLS9ME
TXN-20250821-5653,322955,21-08-2025,3148.77,9669.34,Payment for INV-2025-CH8JWW
TXN-20231109-4836,456699,09-11-2023,2424.23,12710.91,Payment for INV-2022-XZAREI
TXN-20240218-4815,331148,18-02-2024,1950.8,12928.97,Payment for INV-2025-PR11V1
TXN-20240512-9629,321231,12-05-2024,429.12,13140.27,Payment for INV-2025-EZYTKW
TXN-20250225-8504,895667,25-02-2025,2814.42,17185.84,Payment for INV-2021-F8TSXK
TXN-20230107-3939,216739,07-01-2023,1085.72,9933.83,Payment for INV-2019-ZVKY2R
TXN-20230618-4236,772097,18-06-2023,1054.14,11574.06,Payment for INV-2020-PVKU8H
TXN-20230615-4739,766563,15-06-2023,2732.23,12305.45,Payment for INV-2021-LKJXJQ
TXN-20240119-7628,520651,19-01-2024,2721,11630.63,Payment for INV-2022-78NRXV
TXN-20241126-7624,632323,26-11-2024,5.04,7404.65,Payment for INV-2024-FQEWAO
TXN-20250324-2194,581741,24-03-2025,3092.1,10139.17,Funds transfer
TXN-20240526-9782,329974,26-05-2024,2367.1,11315.49,Payment for INV-2019-WUZKAM
TXN-20230621-2934,757924,21-06-2023,2939.98,12160.89,Payment for INV-2025-HN0Z1R
TXN-20230913-2858,736059,13-09-2023,3811.98,14527.83,Payment for INV-2019-0RNUJJ
TXN-20230417-3200,598369,17-04-2023,-2296.12,8225.99,Payment for INV-2021-EDTJVZ
TXN-20230720-3450,895667,20-07-2023,1783.55,10522.98,Payment for INV-2022-3GR94S
TXN-20231225-2124,946335,25-12-2023,1848.21,13024.84,Online transfer to vendor
TXN-20230629-6209,267753,29-06-2023,1413.47,11041.7,Payment for INV-2025-XCA6QS
TXN-20250202-5496,492077,02-02-2025,1355.66,5877.38,Payment for INV-2020-Z99106
TXN-20231019-6326,270555,19-10-2023,3370.41,16229.33,Payment for INV-2024-S1QCWQ
TXN-20230730-8081,403445,30-07-2023,3010.27,12921.55,Payment for INV-2025-ZRV7VS
TXN-20230422-4315,388389,22-04-2023,897.71,,Payment for INV-2023-4SPFDR
TXN-20230525-7364,852787,25-05-2023,1696.34,7785.79,Payment for INV-2022-VUPRT7
TXN-20240413-3161,338968,13-04-2024,878.76,12737.58,Payment for INV-2025-L2INK4
TXN-20230402-7711,632323,02-04-2023,1225.7,12847.43,Payment for INV-2022-IOT860
TXN-20230124-8585,793384,24-01-2023,2540.11,9975.11,Payment for INV-2024-ZPNIQF
TXN-20230925-5349,325772,25-09-2023,,11784.49,Payment for INV-2019-DP0LVS
TXN-20250721-9043,375504,21-07-2025,269.74,12937.51,Payment for INV-2022-QBDX7M
TXN-20240302-6122,653306,02-03-2024,1724.3,13605.69,Funds transfer
TXN-20240205-2814,832052,05-02-2024,3072.2,15096.65,Payment for INV-2020-TRC85E
TXN-20250524-1568,379786,24-05-2025,3281.64,14397.02,Payment for INV-2023-USU9F8
TXN-20241119-6253,899550,19-11-2024,1492.89,9150.81,Payment for INV-2020-KFXHKC
TXN-20250308-4585,497887,08-03-2025,2165.02,10453.16,Payment for INV-2020-2ZQU7E
TXN-20230902-2497,201414,02-09-2023,1679.9,6869.76,Payment for INV-2019-P9MGYH
TXN-20250303-6257,665579,03-03-2025,749.59,11958.62,Payment for INV-2021-0VDP6O
TXN-20230813-8989,376183,13-08-2023,2881.18,12120.7,Payment for INV-2020-CNBH6N
TXN-20230801-9875,791798,01-08-2023,754.26,11799.28,Payment for INV-2022-7EHMGO
TXN-20240413-2817,543692,13-04-2024,2341.66,11799.03,Payment for INV-2019-2V4DUS
TXN-20241025-1260,127824,25-10-2024,2395.8,12922.9,Payment for INV-2022-YFQUV9
TXN-20230826-1994,379786,26-08-2023,369.44,10479.97,Payment for INV-2023-AUTJX6
TXN-20240912-9446,182582,12-09-2024,1849.94,12101.09,Payment for INV-2020-LWF90K
TXN-20230909-9677,944962,09-09-2023,2334.44,15290.58,Payment for INV-2022-2EP768
TXN-20230922-5979,662275,22-09-2023,2392.63,13299.8,Payment for INV-2024-PS04JS
TXN-20230714-4271,169403,14-07-2023,255.67,11420.16,Payment for INV-2020-05HHIW
TXN-20230812-5940,356702,12-08-2023,-269.5,9311.87,Payment for INV-2025-V9DT94
TXN-20230216-2763,429963,16-02-2023,709.44,10422.92,Payment for INV-2023-PDXUJJ
TXN-20250630-1482,492077,30-06-2025,3102.93,16973.57,Payment for INV-2023-8IMOE0
TXN-20231120-7376,877572,20-11-2023,1616.13,12020.69,Payment for INV-2020-QC3XNC
TXN-20241213-3986,133659,13-12-2024,1917.85,14152.44,Payment for INV-2025-EZ7BH2
TXN-20250327-6477,260265,27-03-2025,669.29,6313.35,Payment for INV-2025-JDIMBM
TXN-20231019-3626,629903,19-10-2023,1832.88,12126.31,Payment for INV-2021-QS3D63
TXN-20231202-5616,632323,02-12-2023,2261.18,14307.58,Payment for INV-2020-DNON4U
TXN-20241101-8060,838797,01-11-2024,10.18,8660.42,Payment for INV-2020-GGERSD
TXN-20241222-1665,838797,22-12-2024,1539.17,10792.31,Payment for INV-2019-LEKVL9
TXN-20250316-4990,391476,16-03-2025,1217.46,12566.02,Payment for INV-2020-2H3TV3
TXN-20230713-2848,791798,13-07-2023,2148.67,11474.5,Payment for INV-2019-3P15AH
TXN-20241004-5934,665579,04-10-2024,2859.58,13019.18,Payment for INV-2021-PUG99W
TXN-20240126-7086,269396,26-01-2024,1109.16,6459.72,Payment for INV-2019-YQW7LV
TXN-20241101-8474,590785,01-11-2024,2542.7,10464.98,Payment for INV-2021-NBIQUW
TXN-20240415-8341,330283,15-04-2024,1520.95,7973.94,Payment for INV-2019-4QERXD
TXN-20240816-6770,482554,16-08-2024,3188.6,16887.32,Payment for INV-2020-42WSC3
TXN-20230826-1427,865179,26-08-2023,2977.82,8766.53,Payment for INV-2021-C2E4QX
TXN-20241004-9457,663054,04-10-2024,455.06,9376.45,Payment for INV-2025-GRX37J
TXN-20250411-2148,412942,11-04-2025,310.82,9368.29,Payment for INV-2023-INY2ET
TXN-20240313-5176,183667,13-03-2024,3315.77,9809.56,Payment for INV-2021-8YRDDP
TXN-20231105-2983,612340,05-11-2023,2012.15,13874.02,Payment for INV-2025-92MPNS
TXN-20230522-5096,422451,22-05-2023,2502.42,14217.31,Payment for INV-2019-X5TD44
TXN-20241207-7828,671412,07-12-2024,671.69,10826.64,Payment for INV-2022-NTRFZW
TXN-20240526-6810,260263,26-05-2024,2094.51,9998.01,Payment for INV-2021-IP11YK
TXN-20241030-8793,791798,30-10-2024,1645.89,12552.97,Payment for INV-2022-X1KKC1
TXN-20230928-2900,854639,28-09-2023,1443.88,11183.76,Payment for INV-2019-GOK01T
TXN-20230813-6556,518801,13-08-2023,2057.12,12626.77,Payment for INV-2023-4ZQ50O
TXN-20241125-3934,334053,25-11-2024,1946.89,10844.93,Payment for INV-2022-VLKW1X
TXN-20250314-5673,983794,14-03-2025,521.48,9081.79,Payment for INV-2022-Z02XRG
TXN-20230731-4531,245051,31-07-2023,1139.52,9517.57,Payment for INV-2025-KYPOFK
TXN-20240812-7291,197251,12-08-2024,2570.89,14842.02,Payment for INV-2022-OFY645
TXN-20241018-2036,772097,18-10-2024,2756.79,13981.73,Funds transfer
TXN-20231228-5827,736059,28-12-2023,938.71,10847.78,Bill payment
TXN-20241206-2284,456699,06-12-2024,3166.55,12020.55,Payment for INV-2023-0MDICV
TXN-20240128-2678,731262,28-01-2024,1779.81,7644.1,Payment for INV-2019-L5E11E
TXN-20231217-5991,263032,17-12-2023,1659.4,12659.69,Payment for INV-2019-0EEYYL
TXN-20230803-9814,265840,03-08-2023,1778.31,9479.57,Payment for INV-2020-HSJR0F
TXN-20241222-5641,738551,22-12-2024,614.57,12201.14,Funds transfer
TXN-20240120-1108,731262,20-01-2024,2227.03,11578.89,Payment for INV-2022-WJGQU6
TXN-20241216-3288,331148,16-12-2024,2764.48,10803.54,Payment for INV-2024-UKPV8L
TXN-20250312-6916,329258,12-03-2025,1972.49,15516.99,Payment for INV-2021-7ZRWQE
TXN-20250224-2865,216739,24-02-2025,1014.2,10445.89,Payment for INV-2024-LOU83G
TXN-20230306-9756,769987,06-03-2023,1266.21,11338.34,Payment for INV-2022-HPHJ3M
TXN-20230426-7738,694916,26-04-2023,1932.82,10501.3,Payment for INV-2022-BJLZY1
TXN-20240807-8564,684004,07-08-2024,2583.93,11865.35,Payment for INV-2025-KNS832
TXN-20230403-3302,765822,03-04-2023,3471.03,12072.04,Payment for INV-2020-E07S38
TXN-20240819-9362,126225,19-08-2024,1006.64,8974.88,Payment for INV-2022-44C68A
TXN-20240927-3742,172933,27-09-2024,3120.85,12072.28,Payment for INV-2019-C7JJY9
TXN-20240628-4104,779514,28-06-2024,,10038.41,Payment for INV-2020-SIWG0O
TXN-20230309-1473,944151,09-03-2023,664.14,12112.41,Payment for INV-2022-W6ATVD
TXN-20250123-2951,948749,23-01-2025,1464.66,12181.57,Payment for INV-2024-I28DS2
TXN-20250126-9626,352572,26-01-2025,2543.5,14710.72,Payment for INV-2019-X5WVFG
TXN-20250223-4145,430776,23-02-2025,2202.92,9171.43,Payment for INV-2020-9FK2ST
TXN-20241226-3514,855731,26-12-2024,4093.2,11069.43,Payment for INV-2020-IBLEJG
TXN-20250801-4098,876646,01-08-2025,1616.79,12700.27,Payment for INV-2025-T2LB25
TXN-20241013-6832,172574,13-10-2024,2763.33,13785.98,Online transfer to vendor
TXN-20240124-7390,680099,24-01-2024,864.53,11840.34,Payment for INV-2022-JTPK2N
TXN-20231121-6846,263032,21-11-2023,2265.36,,Payment for INV-2020-X3N0KG
TXN-20240418-6877,817870,18-04-2024,260.93,12486.74,Payment for INV-2025-KTGV44
TXN-20230730-4902,514850,30-07-2023,1828.14,9611.81,Payment for INV-2022-RC9ZD7
TXN-20240213-7070,717889,13-02-2024,2078.64,,Payment for INV-2023-ULQJID
TXN-20240315-1430,439902,15-03-2024,370.41,11474.14,Payment for INV-2023-73JGZL
TXN-20230107-8760,230889,07-01-2023,1227.59,13006.67,Payment for INV-2021-KGJZOW
TXN-20230102-1392,539898,02-01-2023,4049.81,14051.18,Payment for INV-2022-WE429O
TXN-20230525-6731,897549,25-05-2023,3167.1,16409.32,Payment for INV-2021-8ZOV7L
TXN-20240720-7041,331148,20-07-2024,2331.65,10237.33,Payment for INV-2019-1S2OFH
TXN-20250305-4728,549245,05-03-2025,1545.76,11505.89,Payment for INV-2024-BRSZ1N
TXN-20231208-4478,482554,08-12-2023,2559.7,12934.78,Payment for INV-2019-XYJCKT
TXN-20230708-8080,452944,08-07-2023,1453.49,10422.06,Payment for INV-2022-BWHVNZ
TXN-20230516-3396,496922,16-05-2023,2888.66,11835.15,Payment for INV-2024-LI4OFW
TXN-20230618-7609,273148,18-06-2023,1370.74,14438.2,Payment for INV-2019-I0E0VG
TXN-20230608-8900,503457,08-06-2023,2170.87,11802.9,Payment for INV-2020-4MUEKI
TXN-20230325-5336,876646,25-03-2023,1161.61,12202.94,Payment for INV-2024-HUWB6T
TXN-20250228-4396,838797,28-02-2025,2105.38,9437.33,Payment for INV-2024-ZLM72J
TXN-20230225-5117,877572,25-02-2023,3200.08,12216.28,ATM withdrawal
TXN-20250405-3937,598369,05-04-2025,2399.69,11096.98,Payment for INV-2019-7SIWJM
TXN-20240813-4669,456699,13-08-2024,2407.88,13312.94,Bill payment
TXN-20250521-9011,852787,21-05-2025,1839.58,16841.38,ATM withdrawal
TXN-20240316-2951,160738,16-03-2024,3069.14,11522.27,Salary deposit
TXN-20240206-6483,197251,06-02-2024,1091.23,14460.28,Payment for INV-2019-539IY8
TXN-20240513-6910,338968,13-05-2024,2479.44,12339.93,Payment for INV-2024-YYOKEA
TXN-20250220-3057,881177,20-02-2025,-3113.18,4700.6,Payment for INV-2021-UQ4S2F
TXN-20230919-6375,172933,19-09-2023,2179.85,11510.15,Payment for INV-2019-A0GNZS
TXN-20241107-8421,944962,07-11-2024,1079.42,10094.44,Payment for INV-2023-KWQH5K
TXN-20250616-5190,930555,16-06-2025,1640.23,8988.13,Payment for INV-2025-TB9XXA
TXN-20230830-4907,660086,30-08-2023,1684.7,9802.65,Payment for INV-2019-FA2LR9
TXN-20241202-8697,249811,02-12-2024,1403.59,10805.23,Payment for INV-2022-UFCJVN
TXN-20250703-7834,838797,03-07-2025,2078.78,14186.62,Payment for INV-2020-RYIEJ9
TXN-20230111-7290,983794,11-01-2023,1020.24,10227.82,Payment for INV-2022-25WM72
TXN-20230727-9792,883300,27-07-2023,2251.31,12248.21,Payment for INV-2020-F4PYZR
TXN-20240727-6885,269396,27-07-2024,1487.59,9691.61,Payment for INV-2019-55IZOL
TXN-20240809-9337,571029,09-08-2024,685.83,12272.53,Payment for INV-2021-MRWGEB
TXN-20250102-5617,197251,02-01-2025,2323.19,14890.82,Payment for INV-2020-6T9DHS
TXN-20230818-4328,379786,18-08-2023,2486.18,8587.44,Payment for INV-2020-83J0NP
TXN-20240308-4201,974628,08-03-2024,1845.63,10123.81,ATM withdrawal
TXN-20230908-2167,391369,08-09-2023,2424.07,12502.96,Payment for INV-2021-WMPEQY
TXN-20230527-7910,106814,27-05-2023,153.43,9296.12,Payment for INV-2019-7KKG0A
TXN-20250331-7557,813536,31-03-2025,1822.08,9996.46,Payment for INV-2021-RVORK1
TXN-20240524-5250,148050,24-05-2024,2679.37,10381.78,Payment for INV-2022-O0U93M
TXN-20250129-9248,865179,29-01-2025,2205.08,8958.31,Payment for INV-2023-ZAA1EI
TXN-20240427-6621,736059,27-04-2024,1973.17,10945.49,Payment for INV-2021-GPP1NO
TXN-20250416-7437,412942,16-04-2025,1890.45,10682.43,Payment for INV-2021-EUVTYT
TXN-20250422-4479,748564,22-04-2025,1465.76,11767.58,Payment for INV-2023-9A1G7I
TXN-20230211-5572,383060,11-02-2023,3396.6,14225.9,Payment for INV-2023-JF4AQ7
TXN-20230116-2124,555884,16-01-2023,1051.08,14545.81,Payment for INV-2019-T0UUM3
TXN-20230827-3417,498591,27-08-2023,1287.15,11500.01,Payment for INV-2025-6A4FEJ
TXN-20230613-1706,590785,13-06-2023,3212.16,12225.87,Payment for INV-2019-XKPM21
TXN-20241225-8586,106814,25-12-2024,1556.72,9787.11,Payment for INV-2019-U8UEIH
TXN-20230405-7961,542417,05-04-2023,-4551.17,6749.27,Payment for INV-2020-RQNSVS
TXN-20240730-9514,169403,30-07-2024,2649.5,11921.66,Payment for INV-2024-WRGVZ9
TXN-20241217-7411,498591,17-12-2024,587.71,10768.08,Payment for INV-2023-AZ1RO0
BADID-553,403445,07-11-2023,,9825.89,Payment for INV-2025-RZD5E9
TXN-20240319-3553,376183,19-03-2024,3861.26,11968.71,Payment for INV-2025-8R1PC6
TXN-20230430-6681,380746,30-04-2023,2732.83,10184.37,Payment for INV-2022-ZAKGMI
TXN-20241024-8369,343962,24-10-2024,2284.89,12699.08,Payment for INV-2025-NT3BNV
TXN-20240308-1606,542666,08-03-2024,1676.52,9359.69,Payment for INV-2020-FEJ2XG
TXN-20240830-9015,662275,30-08-2024,2022.63,9211.5,Payment for INV-2022-CTLT4Q
TXN-20230226-3734,169403,26-02-2023,2049.58,11726.89,Payment for INV-2021-F16YE0
TXN-20241208-3327,343962,08-12-2024,3608.78,15265.24,Payment for INV-2024-0992QC
BADID-287,948749,22-05-2025,2564.61,10525.28,Payment for INV-2021-MPW5D3
TXN-20241227-4137,488162,27-12-2024,1652.81,13194.41,Payment for INV-2019-3W3H98
TXN-20250720-6963,654816,20-07-2025,1679.54,11729.07,Payment for INV-2019-DNWNGU
TXN-20230225-1062,472528,25-02-2023,2438.48,12477.71,Payment for INV-2022-D3WRDH
TXN-20230516-4070,731262,16-05-2023,3221.03,14385.23,Payment for INV-2022-QTOAMD
TXN-20240622-9717,439902,22-06-2024,2350.37,10661.72,Payment for INV-2024-T1EQC3
TXN-20240421-3159,375504,21-04-2024,1004.6,14659.12,Payment for INV-2019-37QQYZ
TXN-20250413-8063,855731,13-04-2025,2277.36,12232.8,Salary deposit
TXN-20230626-5873,492077,26-06-2023,2194.38,11488.05,Payment for INV-2023-VYLIEN
TXN-20250310-9589,612340,10-03-2025,1350.63,13993.24,Payment for INV-2023-BG34IQ
TXN-20240508-6509,133326,08-05-2024,-2347.68,6677.86,Payment for INV-2021-X5JZ6K
TXN-20241031-6697,480612,31-10-2024,1929.5,12902.5,Payment for INV-2019-GTT0IA
TXN-20241202-5512,905635,02-12-2024,1294.82,12612.45,Payment for INV-2020-AFCO3S
TXN-20240613-8139,183667,13-06-2024,-1193.62,8957.77,Payment for INV-2020-L91F4X
TXN-20240121-4651,891952,21-01-2024,3738.85,13096.36,Payment for INV-2023-O3M25A
TXN-20240823-6514,308496,23-08-2024,3027.42,11699.98,Payment for INV-2021-L90PXR
TXN-20230213-8901,612340,13-02-2023,583.57,11889.96,Payment for INV-2021-WR965R
TXN-20250105-6640,897549,05-01-2025,3569.87,13707.14,Online transfer to vendor
TXN-20230906-1565,133659,06-09-2023,1841.35,12276.51,Payment for INV-2025-NZBXFV
TXN-20250816-5998,988662,16-08-2025,2135.56,13592.6,Salary deposit
TXN-20240522-9474,472528,22-05-2024,2446.2,12484.36,Payment for INV-2025-BZB7TL
TXN-20230516-1598,476417,16-05-2023,1796.27,15409.3,Payment for INV-2022-N5ELB4
TXN-20240612-6927,769987,12-06-2024,2086.43,11238.22,Online transfer to vendor
TXN-20241024-4747,195325,24-10-2024,3078.53,12423.06,Payment for INV-2019-9HZGOP
TXN-20240311-3945,214975,11-03-2024,1619.59,10957.63,Salary deposit
TXN-20240724-1297,671858,24-07-2024,763.86,13272.54,Bill payment
TXN-20250730-9376,358607,30-07-2025,2532.01,13255.33,Payment for INV-2023-UUDQFJ
TXN-20241005-5782,581141,05-10-2024,283.52,7540.23,Payment for INV-2024-6Z0HR9
TXN-20240516-3572,738720,16-05-2024,2325.84,14742.54,Payment for INV-2019-MMWI9S
TXN-20230403-4857,791798,03-04-2023,1210.12,11206.31,Payment for INV-2021-H66W51
TXN-20240510-6446,974628,10-05-2024,1559.5,14723.58,Payment for INV-2023-1N759I
TXN-20240709-1962,813536,09-07-2024,955.19,7022.48,Payment for INV-2023-B48Y1O
TXN-20240918-3784,609597,18-09-2024,1939.6,14195.16,Payment for INV-2023-84D4R9
TXN-20240620-6908,891952,20-06-2024,2648.64,14623.26,Payment for INV-2019-8T2SA5
TXN-20231112-7753,319684,12-11-2023,2491.21,11775.15,Payment for INV-2021-FAS1EK
TXN-20250405-3414,498382,05-04-2025,2905.12,11697.31,Payment for INV-2019-B9W1Q5
TXN-20250702-4161,684004,02-07-2025,343.38,9294.48,Payment for INV-2019-YME6RP
TXN-20230607-8371,363626,07-06-2023,1428.82,12573.99,Payment for INV-2021-N1UTOX
TXN-20231009-5209,217301,09-10-2023,2950.02,13436.03,Payment for INV-2019-0V60XN
TXN-20250512-4485,757924,12-05-2025,3322.74,12984.49,Payment for INV-2023-4KFTCD
TXN-20230304-1607,738720,04-03-2023,723.66,9063.23,ATM withdrawal
TXN-20250621-6849,407419,21-06-2025,2232.49,14035.48,Payment for INV-2024-F36BCP
TXN-20240303-8187,988662,03-03-2024,2898.67,12974.06,Payment for INV-2022-4BF5L0
TXN-20230724-7254,452944,24-07-2023,3858.98,15823.34,Payment for INV-2021-TB34KU
TXN-20240310-5097,813328,10-03-2024,1681.52,11043.41,Payment for INV-2022-4HNRIU
TXN-20230220-7540,246413,20-02-2023,3223.71,10874.03,Payment for INV-2021-DS1EEU
TXN-20241202-5216,575435,02-12-2024,2455.89,16785.89,Salary deposit
TXN-20231105-6939,748564,05-11-2023,2200.46,13418.27,Payment for INV-2019-TMFEK2
TXN-20250604-1312,781453,04-06-2025,1777.53,15871.25,Bill payment
TXN-20230813-4409,913694,13-08-2023,2595.49,11415.7,Payment for INV-2021-BEF46R
TXN-20231205-3100,488162,05-12-2023,3230.87,16600.9,Payment for INV-2024-XDW6LQ
TXN-20240116-8054,356702,16-01-2024,1717.11,10478.96,Payment for INV-2025-0VUH17
TXN-20240707-5016,391369,07-07-2024,1358.92,12677.03,Payment for INV-2023-88TB38
TXN-20230413-6411,356702,13-04-2023,1326.51,11884.5,Payment for INV-2024-RYE89F
TXN-20240817-2166,676510,17-08-2024,2838.94,11604.43,Payment for INV-2022-6S5NKB
BADID-408,331148,02-12-2024,2722.83,12946.43,Payment for INV-2025-IPA877
TXN-20230115-6279,182582,15-01-2023,1003.61,10443.86,Payment for INV-2025-3GYWIY
TXN-20240405-7165,183667,05-04-2024,1899.52,11784.74,Salary deposit
TXN-20240924-2977,145561,24-09-2024,3623.88,14390.22,Payment for INV-2023-IJMMB5
TXN-20240301-9998,814825,01-03-2024,2503.74,13668.53,Payment for INV-2022-1231YV
TXN-20250603-1887,216970,03-06-2025,1455.62,11677.47,Payment for INV-2024-XXC02D
TXN-20250102-8986,174870,02-01-2025,-1103.67,9334.93,Online transfer to vendor
TXN-20240127-7251,660086,27-01-2024,1143.5,11338.84,Payment for INV-2022-TXRGN7
TXN-20230903-7100,802729,03-09-2023,2441.63,,Payment for INV-2024-GS2WPZ
TXN-20231210-7782,913694,10-12-2023,2596.44,11327.87,Payment for INV-2024-CSUYTA
TXN-20230224-6917,748564,24-02-2023,2839.66,10124.62,Salary deposit
TXN-20250818-3926,717889,18-08-2025,2441.31,10975,Payment for INV-2025-BDGBXN
TXN-20230523-2914,363626,23-05-2023,862.82,9077.16,Payment for INV-2021-AWHMLV
TXN-20230216-3841,479580,16-02-2023,2220.81,10200.37,Payment for INV-2021-CJ1GNF
TXN-20240927-3240,182627,27-09-2024,521.41,12808.92,Payment for INV-2024-DWB2BN
TXN-20230924-2459,944962,24-09-2023,309.33,8352.33,Payment for INV-2021-GUAS17
TXN-20240608-4185,738720,08-06-2024,3046.67,14567.1,Payment for INV-2022-LV76MF
TXN-20240924-1869,748564,24-09-2024,2559.58,10932.52,Payment for INV-2022-XANJ4X
TXN-20240102-7713,663054,02-01-2024,1453.32,10910.01,Payment for INV-2021-FT6YRI
TXN-20240721-3924,234628,21-07-2024,3516.39,14720.63,Payment for INV-2022-LHUG07
TXN-20231201-7211,575435,01-12-2023,2647.16,12899.35,Payment for INV-2021-13JCAT
TXN-20240715-1006,656116,15-07-2024,2473.24,12327.58,Payment for INV-2021-KPUXQP
TXN-20241110-6133,249811,10-11-2024,2671.7,11526.34,Payment for INV-2020-OJSYT5
TXN-20230222-1129,391476,22-02-2023,3857.93,15799.54,Payment for INV-2019-WZ940V
TXN-20240728-8837,205907,28-07-2024,307.04,10110.36,Payment for INV-2023-N8QTTY
TXN-20231226-3419,216970,26-12-2023,1960.44,13323.44,Payment for INV-2020-DJGF1C
TXN-20240130-4114,867460,30-01-2024,2174.83,9741.12,Payment for INV-2021-BPS3Y7
TXN-20241105-9713,791798,05-11-2024,2307.83,16444.28,Payment for INV-2020-8JH34U
TXN-20240828-3869,160738,28-08-2024,-1423.49,3394.43,Payment for INV-2024-YUBMXN
TXN-20250331-1852,246413,31-03-2025,-1360.01,8307.55,Payment for INV-2020-OW23QV
TXN-20250222-6591,182582,22-02-2025,2209.47,10240.4,Payment for INV-2022-DMMMXI
TXN-20240515-8308,329974,15-05-2024,2014.27,10106.39,Payment for INV-2020-8RTM4J
TXN-20250213-8231,809570,13-02-2025,999.67,9644.18,Payment for INV-2023-HP0XI5
TXN-20240518-4946,344098,18-05-2024,661.39,12047.23,Payment for INV-2021-8BIXOI
TXN-20250511-5750,905635,11-05-2025,3643.38,14364.68,Payment for INV-2024-HT8XKO
TXN-20230501-1879,340174,01-05-2023,3081.94,15073,Funds transfer
TXN-20231026-7521,684004,26-10-2023,3712.04,10216.77,Payment for INV-2021-1KFK7Y
TXN-20231029-2917,766563,29-10-2023,2352.5,11211.8,Payment for INV-2025-SJT2JP
TXN-20240831-7299,694731,31-08-2024,1482.71,14301.4,Payment for INV-2022-U80B6U
TXN-20241220-5438,983794,20-12-2024,2224.09,12249.27,Payment for INV-2021-JEGET1
TXN-20250129-9918,969693,29-01-2025,1153.35,11104.04,Payment for INV-2023-GXNX4S
TXN-20240528-7731,759176,28-05-2024,1556.91,13920.43,Payment for INV-2023-UBBRNU
TXN-20241114-1744,910620,14-11-2024,1424.36,11668.38,Payment for INV-2020-OVAKHE
TXN-20241111-4644,496922,11-11-2024,2297.46,12576.46,Payment for INV-2023-5SGWCR
TXN-20240211-2363,623481,11-02-2024,1293.11,13004.22,Payment for INV-2019-JFX5LI
TXN-20250126-8295,814825,26-01-2025,2389.6,7948.76,Payment for INV-2022-Q4VHU4
TXN-20230508-7403,774079,08-05-2023,2087.02,10014.73,Payment for INV-2020-C1YFMH
TXN-20230718-4727,148050,18-07-2023,4189.8,12573.2,Payment for INV-2021-GATJ9T
BADID-145,321231,23-06-2023,2868.77,10496.1,Payment for INV-2021-5ELTFE
TXN-20240704-9288,460663,04-07-2024,1191.51,10188,Payment for INV-2021-EMCIKP
TXN-20250305-4893,838797,05-03-2025,3073.63,11020.6,Payment for INV-2021-EIXWC4
TXN-20250510-5543,930555,10-05-2025,1338.21,13043.08,Payment for INV-2025-1RIPZI
TXN-20241017-8192,380746,17-10-2024,2876.05,15821.39,Payment for INV-2019-HX2KBV
TXN-20250430-2480,813328,30-04-2025,459.75,14426.52,Payment for INV-2021-AB42HH
TXN-20231025-7293,273148,25-10-2023,2139.34,13044.41,Payment for INV-2025-WI5FLU
TXN-20240616-9064,898975,16-06-2024,3090.48,15490.23,Salary deposit
TXN-20241016-5833,897549,16-10-2024,3213.1,13496.53,Payment for INV-2021-WHEF0V
TXN-20230227-9740,520651,27-02-2023,1601.56,14088.18,Payment for INV-2021-ZETRIJ
TXN-20240812-7149,363626,12-08-2024,2547.1,12142.71,Payment for INV-2022-7HV3IZ
TXN-20241023-3713,731262,23-10-2024,3784.78,13811.68,Payment for INV-2024-AW1LXX
TXN-20231009-8307,705397,09-10-2023,1179.76,11131.7,Payment for INV-2020-BWIKOT
TXN-20230421-9412,872246,21-04-2023,1505.03,10509.89,Payment for INV-2023-CEJCY1
TXN-20230601-5659,270555,01-06-2023,1902.87,7914.61,Payment for INV-2022-8WFTGG
TXN-20250706-3409,172933,06-07-2025,1025.88,12432.74,Payment for INV-2025-U6PY06
TXN-20250617-8449,802729,17-06-2025,3050.11,11322.21,Salary deposit
TXN-20250724-1083,883300,24-07-2025,1402.64,10427.29,Salary deposit
TXN-20250809-6152,612340,09-08-2025,550.14,8337.52,Payment for INV-2019-8V1ZOC
BADID-189,711878,19-07-2023,872.5,13128.32,Payment for INV-2020-21HD4Y
TXN-20240923-6008,503457,23-09-2024,2523.08,15184.81,Payment for INV-2024-VUNLPA
TXN-20240712-3360,148050,12-07-2024,2966.76,13627.91,Payment for INV-2021-Y620N8
TXN-20230829-8949,133659,29-08-2023,3252.28,13574.88,Payment for INV-2024-1AJ8X2
TXN-20250328-1871,684004,28-03-2025,1843.64,14650.71,Payment for INV-2020-FIBJZP
TXN-20250621-2380,338968,21-06-2025,,11321.89,Payment for INV-2019-TOZ5ST
TXN-20250327-2133,172933,27-03-2025,1573.24,10489.57,Payment for INV-2025-42YFKJ
TXN-20250607-5331,772097,07-06-2025,3514.52,15060.69,Payment for INV-2023-R8KK79
TXN-20250301-6447,549245,01-03-2025,2897.89,12484.76,Payment for INV-2020-BT3G2Q
TXN-20250630-1107,338968,30-06-2025,1207.7,10409.5,Payment for INV-2021-9HL173
TXN-20240117-5663,877572,17-01-2024,1799.53,8265.51,Payment for INV-2021-M95D0P
TXN-20240111-1612,379786,11-01-2024,1567.76,11241.12,Salary deposit
TXN-20230215-8711,809570,15-02-2023,3813.41,13127.65,Payment for INV-2024-1BTR23
TXN-20230227-5231,456778,27-02-2023,3904.14,17156.06,Payment for INV-2020-SO8W50
TXN-20250507-3519,344098,07-05-2025,2584.13,13811.86,Payment for INV-2019-C3XQ8V
TXN-20241123-5660,270555,23-11-2024,2028.08,12236.54,Payment for INV-2021-CVEN3V
TXN-20241026-2911,864544,26-10-2024,658.55,14432.21,ATM withdrawal
TXN-20240922-9589,555884,22-09-2024,749.3,10793.19,ATM withdrawal
TXN-20241127-6499,867460,27-11-2024,2480.3,11341.53,Online transfer to vendor
TXN-20230819-6539,133326,19-08-2023,2279.04,14300.07,Payment for INV-2019-VIHCWI
TXN-20240421-6511,429963,21-04-2024,4018.08,14479.15,Payment for INV-2022-QPNRJA
TXN-20231104-9801,329974,04-11-2023,896.82,12537.93,Payment for INV-2020-TGNLKU
TXN-20230212-9846,996865,12-02-2023,1197.85,13930.16,Payment for INV-2023-FSHB0O
TXN-20230515-5719,231869,15-05-2023,1887.67,11445.73,Payment for INV-2022-5RBW2Z
TXN-20231006-2789,948749,06-10-2023,1724.68,13227.43,Payment for INV-2023-0IB6II
TXN-20241105-5649,629903,05-11-2024,2058.21,9772.27,Payment for INV-2023-XWD8IL
TXN-20240809-9001,308496,09-08-2024,3729.89,10775.86,Payment for INV-2019-YHR3YF
TXN-20230109-4452,877572,09-01-2023,130.26,9353.22,Payment for INV-2022-ULWJTI
BADID-934,671858,23-01-2025,2112.1,15601.38,Payment for INV-2025-V726YG
TXN-20240324-7473,816751,24-03-2024,2622.07,15279.94,Payment for INV-2025-XRTEO2
TXN-20250407-3067,197251,07-04-2025,1680.15,11983.67,Payment for INV-2019-P9P9W4
TXN-20230403-2612,821590,03-04-2023,860.86,11396.35,Payment for INV-2025-W5PY6B
TXN-20250324-7266,388389,24-03-2025,1838.64,10419.5,Payment for INV-2025-ZR2MUL
TXN-20241214-3044,126225,14-12-2024,994.48,9041.99,Payment for INV-2022-NGA01Y
TXN-20240514-4212,765822,14-05-2024,1480.6,10798.78,Funds transfer
TXN-20230101-4300,498591,01-01-2023,1373.81,,Payment for INV-2025-EZ74LA
TXN-20231103-8143,319684,03-11-2023,1654.84,12633.35,Payment for INV-2020-R424TK
TXN-20250110-9037,813536,10-01-2025,3455.62,17054.16,Payment for INV-2022-G2GZR7
TXN-20230110-2638,905635,10-01-2023,581.25,12666.23,Online transfer to vendor
TXN-20250422-5247,772097,22-04-2025,180.69,8794.32,Payment for INV-2020-N050E6
TXN-20240825-8794,503457,25-08-2024,2640.54,12886.7,Payment for INV-2022-OCVITW
TXN-20241231-9759,377370,31-12-2024,2863.6,14022.89,Payment for INV-2024-26YS44
TXN-20250209-8052,498591,09-02-2025,1371.52,12576.47,Payment for INV-2019-AJSSUU
TXN-20240316-3956,634277,16-03-2024,1547.69,6699.93,Payment for INV-2023-KDLKQZ
TXN-20240721-1606,172933,21-07-2024,1885.2,13018.74,Payment for INV-2022-OS0765
TXN-20240212-6047,220116,12-02-2024,2037.54,14221.15,Payment for INV-2019-93ACZS
TXN-20240605-8373,497887,05-06-2024,1797.48,10740.89,Payment for INV-2022-MGVU4I
TXN-20230704-3757,656116,04-07-2023,1924.13,8554.79,Funds transfer
TXN-20250223-2373,865179,23-02-2025,1473.75,14250.43,Payment for INV-2021-VTJA0A
TXN-20250602-8883,755674,02-06-2025,750.18,10219.7,Payment for INV-2019-8MNQPV
TXN-20230609-2747,211579,09-06-2023,92.19,8371.42,Payment for INV-2019-7YXW1T
TXN-20230325-9248,898975,25-03-2023,2969.55,13912.25,Payment for INV-2019-EXGGOC
TXN-20250512-4791,757924,12-05-2025,2210.47,11881.34,Payment for INV-2019-ZASNWY
TXN-20230906-5362,198246,06-09-2023,206.11,7495.21,Payment for INV-2025-PYUEON
TXN-20240714-2106,482554,14-07-2024,2263.9,11952.8,Payment for INV-2025-BRLQMN
TXN-20240401-9269,857168,01-04-2024,2706.08,12220.72,Payment for INV-2019-HKOECU
TXN-20230510-3344,476417,10-05-2023,1636.88,7621.97,Bill payment
TXN-20240413-4944,322086,13-04-2024,3073.09,12745.17,Payment for INV-2020-VBKV4Y
TXN-20250222-8133,793384,22-02-2025,1774.34,14552.39,Payment for INV-2022-L3CHO3
TXN-20240828-8581,961722,28-08-2024,2223.09,14748.07,Bill payment
TXN-20250503-1367,356702,03-05-2025,1473.84,7545.25,Payment for INV-2020-BUFWBU
TXN-20230307-2742,899550,07-03-2023,2926.87,17335.33,Payment for INV-2019-R2H2P3
TXN-20240406-3148,900581,06-04-2024,1657.45,11998.38,Payment for INV-2023-Y3Z2T4
TXN-20250620-1166,479201,20-06-2025,1528.96,11993.06,Funds transfer
TXN-20250416-4773,539898,16-04-2025,1947.6,15355.81,Payment for INV-2022-3ZRRHF
TXN-20230504-4714,945964,04-05-2023,907.84,12577.34,Payment for INV-2024-XVA1NK
TXN-20240329-1162,895667,29-03-2024,179.24,8767.69,Payment for INV-2024-37DL9F
TXN-20230803-2287,717889,03-08-2023,1787.5,14145.4,Payment for INV-2022-Y2C11B
TXN-20230616-4939,665158,16-06-2023,3726.96,12927.69,Payment for INV-2023-4O6L1F
TXN-20240927-3532,103402,27-09-2024,1119.36,11273.15,Payment for INV-2020-5935A0
TXN-20231114-8167,220116,14-11-2023,40.61,11505.91,Payment for INV-2024-8II7EW
TXN-20250522-9992,191161,22-05-2025,2001.38,9447.83,Payment for INV-2022-XCYJHU
TXN-20230214-7338,267753,14-02-2023,2650.2,12451.85,Payment for INV-2021-JA2M0W
TXN-20231223-2599,961722,23-12-2023,1573.64,13870.53,Salary deposit
TXN-20250512-5873,379786,12-05-2025,2451.09,11517.6,Payment for INV-2022-W3GI60
TXN-20230222-4189,375504,22-02-2023,923.34,12260.16,Payment for INV-2021-TCS1K9
BADID-771,322955,03-06-2023,1268.49,9222.1,Payment for INV-2019-22VXYZ
TXN-20250427-9096,654816,27-04-2025,1266.73,10647.73,Online transfer to vendor
TXN-20240124-6875,211579,24-01-2024,-2359.18,8776.7,Payment for INV-2023-BY49E7
TXN-20231021-1941,379786,21-10-2023,827.74,13121.5,ATM withdrawal
TXN-20240103-1462,172574,03-01-2024,2236.58,14976,Payment for INV-2024-Z8UUG9
TXN-20240805-9037,654816,05-08-2024,1313.66,9626.86,Funds transfer
TXN-20230903-7322,380746,03-09-2023,1516.94,11810.53,Payment for INV-2019-IWC5AM
TXN-20241029-5466,217301,29-10-2024,2059.77,13958.82,Payment for INV-2021-J2JVQY
TXN-20250503-6802,590785,03-05-2025,2632.41,14577.52,Payment for INV-2019-O0PQCL
TXN-20230113-2600,356702,13-01-2023,139.55,11868.04,Payment for INV-2023-DQHKGA
BADID-317,543143,23-04-2025,-60.44,12121.49,Payment for INV-2023-EZEZ5E
TXN-20230515-5835,127824,15-05-2023,1512.6,12320.24,Payment for INV-2021-0GET8T
TXN-20240210-6431,694916,10-02-2024,1358.51,12334.25,Payment for INV-2024-I076A3
TXN-20241029-9115,944962,29-10-2024,1171.42,10081.08,Payment for INV-2019-E8LD4D
TXN-20240227-9397,609597,27-02-2024,1407.64,11654.74,Payment for INV-2020-FH4GG2
TXN-20230618-8635,440035,18-06-2023,1094.27,9786.74,Payment for INV-2021-OT8HLJ
TXN-20231106-1187,711878,06-11-2023,2538.76,10697.41,Payment for INV-2021-XYCELO
TXN-20250304-6993,944962,04-03-2025,1794.14,10300.98,Payment for INV-2022-I10KQS
TXN-20250613-7929,724834,13-06-2025,1664.28,14356.37,Payment for INV-2025-6BKLDS
TXN-20240120-9753,260265,20-01-2024,2258.66,12684.14,Payment for INV-2025-FVGE2L
TXN-20250813-1653,769987,13-08-2025,3142.82,14646.69,Payment for INV-2021-HID25O
TXN-20230115-8014,216970,15-01-2023,1567.23,13154.87,Payment for INV-2024-5IPI78
TXN-20240831-5771,340174,31-08-2024,2242.33,16337.13,Payment for INV-2019-IZZQY7
TXN-20230216-1609,273148,16-02-2023,2055.72,14244.1,Payment for INV-2021-9EITNN
TXN-20230607-7932,905934,07-06-2023,2428.82,13815.03,Payment for INV-2025-NQVUT7
TXN-20241218-8310,660086,18-12-2024,1960.11,9151.63,Payment for INV-2024-HT2XZ5
TXN-20230728-9866,857168,28-07-2023,2361.44,13038.13,Payment for INV-2019-MQWYUI
TXN-20240724-2479,319684,24-07-2024,2413.43,16167.02,Payment for INV-2025-OJEN0J
